,tweet
0,"['co', 'nikdi', 'neÅ™ekli', 'covid19', 'propagandahttp', 'co', 'gtg9xrziwz']"
1,"['anoth', 'dayanoth', 'test', 'veterinarymedicin', 'covid19http', 'co', 'fjuoe1d6xx']"
2,"['', 'coronaviru', 'covid19', 'covid_19', 'sarscov', 'covid19world', 'europeanmedicin', 'agenc', 'scienc', 'medicin', 'healthlatest', 'news15', '12', '2021http', 'co', 'mizlhgrq4l']"
3,"['incred', 'interview', 'podcast', 'joeroganal', 'look', 'truth', 'covid', 'amp', 'covid19', 'scamdesivir', 'polici', 'amporchestr', 'need', 'watch', '']"
4,"['brutt', 'notizi', 'per', 'gli', 'italiani', 'esterol', 'italia', 'abbandona', 'il', 'green', 'pass', 'e', 'fa', 'arrabbiar', 'l', 'ue', 'introducendo', 'un', 'tampon', 'negativo', 'come', 'requisito', 'per', 'viaggiar', 'da', 'un', 'paes', 'ue', 'anch', 'per', 'chi', 'vaccinato', 'http', 'co', 'mg0qoe460h', 'greenpass', 'italia', 'bruxel', 'covid19', 'quarantena']"
5,"['', 'venetoil', 'bollettino', 'e', 'numeri', 'odierni', 'del', '15dicembr', 'coronaviru', 'covid19', 'http', 'co', 'iitnj48m1q']"
6,"['', 'askwho', 'live', 'q', 'amp', 'drmikeryan', 'dr', 'mvankerkhov', '16', '00h', 'cet', 'todaywho', 'twitterfacebooklinkedin', 'ampyoutubetun', 'ask', 'question', 'omicron', 'covid19', 'variant', 'concernhttp', 'co', 'pu7xe7jqwx']"
7,"['', 'covid19', 'vaccin', 'pop', 'clinic', 'today', 'outsid', 'vi', 'forrest', 'commun', 'hallgilpin', 'roade0hl', '3pm', '6', '45pmwednesday', '1dec', 'anyon', '16', '1st', 'amp2nd', 'dose', 'pfizer', 'ampboost', 'shot', 'walk', 'book', 'via', '020', '835311', 'id', 'nh', 'number', 'requiredhttp', 'co', 'qkxa3buyfr']"
8,"['alert', 'center', 'covid19', 'number', 'spike', 'across', 'state', 'mid', 'hudson', 'regionjoin', 'scrawfordtv', '30', 'minut', 'facebook', 'live', 'news12wc', 'discuss', 'number', 'ask', 'question', 'http', 'co', 'rxl2kleytd']"
9,"['look', 'deo', 'behind', 'close', 'doorsclaim', 'covid19', 'yet', 'arran', 'roadblockvaccin', 'forcedroadblockvaccinationhttp', 'co', 'cvzdihdl04']"
10,"['manag', 'non', 'formal', 'educ', 'lesson', 'covid19', 'pandem', 'psycholog', 'first', 'aidteach', 'opportun', 'attend', 'train', 'thank', 'aicsamman', 'onhttp', 'co', 'i1akhazqq0']"
11,"['director', 'gener', 'health', 'servic', 'inform', 'suprem', 'court', 'order', 'issu', 'make', 'coronaviru', 'vaccin', 'mandatori', 'prevent', 'spread', 'covid', '19', 'srilanka', 'lka', 'covid19', 'coronaviru', 'corona']"
12,"['time', 'eu', 'take', 'european', 'len', 'come', 'covid19', 'divis', 'rich', 'poor', 'get', 'larger', 'largerw', 'need', 'pressur', 'pharmaceut', 'compani', 'produc', 'africa', 'possibl', 'cancel', 'patentsth', 'world', 'larger', 'europ', '']"
13,"['na', 'razi', 'nie', 'oficjalnych', 'danych', 'Å›wiadczÄ…cych', 'obecnoÅ›ci', 'omikrona', 'w', 'polscejednak', 'moÅ¼na', 'zakÅ‚adaÄ‡Å¼', 'po', 'nowym', 'roku', 'nowi', 'wariant', 'koronawirusa', 'spowoduj', 'wzrosti', 'zachorowana', 'covid19http', 'co', 'jlpijusphb']"
14,"['', 'ahora', 'vemo', 'que', 'la', 'eficacia', 'se', 'reduc', 'drÃ¡sticamenteno', 'es', 'como', 'prometieron', 'por', 'contra', 'lo', 'efecto', 'adverso', 'de', 'la', 'vacuna', 'covid19', 'son', 'mÃ¡yor', 'que', 'combinando', 'lo', 'de', 'toda', 'la', 'vacuna', 'durant', 'varia', 'dÃ©cada', 'ademÃ¡', 'han', 'secuestrado', 'nuestro', 'derecho', 'humano', '']"
15,"['sso_goboax', 'oaxaca', 'permanec', 'en', 'semÃ¡foro', 'epidemiolÃ³gico', 'color', 'verdesin', 'embargo', 'debemo', 'continuar', 'aplicando', 'en', 'todo', 'tiempo', 'la', 'medida', 'sanitariaspara', 'evitar', 'enfermar', 'de', 'covid19', 'nobajeslaguardia', 'usacubreboca', 'mecuido', 'poramoralavidahttp', 'co', 'iyrhqcsmoa']"
16,"['sso_goboax', 'quenosetepas', 'la', 'pandemia', 'por', 'covid19', 'sigu', 'activa', 'en', 'la', 'entidadpor', 'ello', 'es', 'important', 'que', 'durant', 'la', 'fiesta', 'decembrina', 'siga', 'aplicando', 'toda', 'la', 'medida', 'sanitariasqu', 'ya', 'conoc', 'el', 'mejor', 'regalo', 'es', 'tu', 'salud', 'la', 'de', 'tu', 'famil', 'http', 'co', 'qxti7gv95m']"
17,"['omicron', 'strain', 'infecti', 'vanilla', 'covid19but', 'also', 'less', 'virulentthat', 'isit', 'make', 'sickthi', 'normal', 'evolutionari', 'path', 'taken', 'virus', '']"
18,"['sso_goboax', 'recuerda', 'si', 'decid', 'salir', 'de', 'tu', 'hogarhazlo', 'aplicando', 'toda', 'la', 'medida', 'de', 'prevenciÃ³n', 'contra', 'la', 'covid19', 'cada', 'acciÃ³n', 'cuenta', 'para', 'frenar', 'lo', 'contagioshospitalizacion', 'lament', 'defuncion', 'sitecuidastÃºnoscuidamostodoshttp', 'co', '1znp3gnzkv']"
19,"['ventil', 'rainscreen', 'facad', 'http', 'co', 'wxdzkuu6m0', 'architectur', 'realli', 'advanc', 'build', 'breath', 'ampadapt', 'elementshop', 'world', 'introduc', 'new', 'build', 'code', 'requir', 'materi', 'deal', 'covid19', 'ventilationfiltr', 'sanitizationhttp', 'co', 'vh3suxjrs4']"
20,"['', 'moderna', 'covid', 'vaccin', 'effect', 'viru', 'variant', 'http', 'co', 'dkqagxorvm', 'alpha', 'british', 'california', 'covid19', 'genom', 'genomesequenc', 'hospit', 'infect', 'research', 'southern', 'studi', 'test', 'vaccinationhttp', 'co', 'x1bxc8eomb']"
21,"['', 'nstworld', 'eu', 'chief', 'ursula', 'von', 'der', 'leyen', 'wednesday', 'warn', 'omicron', 'variant', 'covid19', 'could', 'becom', 'domin', 'europ', 'next', 'monthbut', 'said', '27', 'nation', 'bloc', 'ampl', 'vaccin', 'fight', 'pandemichttp', 'co', 'b0iglzbnxi']"
22,"['sso_goboaxrt', 'ssalud_mxest', 'mart', 'arribaron', '58mil', 'vacuna', 'envasada', 'de', 'pfizerla', 'medidassanitaria', 'aprendida', 'ant', 'covid19', 'contribuyen', 'la', 'disminuciÃ³n', 'de', 'infeccion', 'por', 'otro', 'viru', 'respiratoriosaunqu', 'ya', 'te', 'haya', 'vacunadocontinÃºa', 'con', 'e', 'http', 'co', 'kmdk76d9ud']"
23,"['el', 'emprendimiento', 'es', 'emocionanteapasionado', 'con', 'una', 'complejidad', 'innegablepero', 'el', 'covid19', 'hizo', 'el', 'camino', 'mÃ¡', 'cuesta', 'arriba', 'para', 'la', 'mujer', 'que', 'desean', 'incursionar', 'en', 'est', 'mundo', 'danielafeito', 'no', 'habla', 'mÃ¡', 'sobr', 'est', 'tema', 'en', 'http', 'co', 'bjow8inapa']"
24,"['benchtoday', 'satisfi', 'govt', 'gujarat', 'advertisementspleas', 'translat', 'thiscan', 'also', 'send', 'counselsthi', 'format', 'supremecourt', 'covid19']"
25,"['sÃ©rieux', 'covid19http', 'co', 'pvgzygnsxu']"
26,"['', 'jonathaneley', 'make', 'perfect', 'sensea', 'everyon', 'know', 'covid19', 'variant', 'transmiss', '1am', '']"
27,"['', 'sarah_wyss', 'die', 'spitÃ¤ler', 'orientieren', 'sich', 'stetig', 'gegenseitig', 'Ã¼ber', 'freie', 'ip', 'kapazitÃ¤ten', 'und', 'verlegen', 'patientinnen', 'bei', 'bedarfweil', 'bund', 'und', 'kanton', 'da', 'nach', 'bald', 'zwei', 'jahren', 'covid19', 'immer', 'noch', 'nicht', 'schaffen', '']"
28,"['soit', 'sars_cov_est', 'dangereux', 'gtvaccin', 'obligatoir', 'soit', 'covid19', 'covid_19', '']"
29,"['', 'coronaviru', 'covid19', 'covid_19', 'sarscov', 'covid19world', 'sar', 'cov', 'omicron', 'variant', 'page', 'last', 'edit', '1decemb', '2021at', '07', '37', 'utc', 'http', 'co', 'tujhntnoxn']"
30,"['en', 'corseon', 'se', 'protÃ¨geon', 'se', 'vaccin', 'journÃ©', 'dÃ©localisÃ©', 'de', 'vaccin', 'covid19', 'aujourd', 'hui', 'serra', 'di', 'ferro', 'personnesprotÃ©gÃ©', 'contr', 'le', 'form', 'grave', 'du', 'sars_cov_', 'http', 'co', '6pa9hywpaw']"
31,"['ğ”', 'ğ‹ğ“ğˆğŒğ€', 'ğ‡ğğ‘', 'covid19', 'empeoran', 'de', 'nuevo', 'lo', 'indicador', 'epidemiolÃ³gico', 'en', 'el', 'baixllobregat', 'el', 'ğ«ğ¢ğğ¬ğ ğğ«ğğ›ğ«ğ¨ğ­se', 'sitÃºa', 'en', 'lo', '60punto', 'la', 'ğ¯ğğ¥ğ¨ğœğ¢ğğšğğ«ğğ©ğ«ğ¨ğğ®ğœğœğ¢ğ¨', 'del', 'viru', 'es', '1', '4', 'http', 'co', '04vkve78oshttp', 'co', 'aqhdro675l']"
32,"['', 'hhepplewhit', 'wellal', 'opposit', 'parti', 'never', 'accept', 'brexitwith', 'dirti', 'game', 'play', '5yrswish', 'keep', 'us', 'eu', 'yet', 'borisjohnson', 'plough', 'us', 'line', 'sinceregardless', 'covid19ha', 'got', 'jobno', 'borisno', 'vote', 'conserv', 'backbori']"
33,"['counsel', 'gujarat', '9newspap', 'carri', 'advertis', 'given', 'pursuant', 'court', 'order4046appl', 'receivedbenchadvertis', 'must', 'like', 'full', 'particular', 'givennot', 'one', 'two', 'line', 'supremecourt', 'covid19']"
34,"['april', '2020', 'amptyp', 'hyster', 'abus', 'falsehood', 'hurl', 'anyon', 'take', 'skeptic', 'line', 'daysfyiw', 'never', 'post', 'disinfoon', 'covid19w', 'post', 'offici', 'statisticsexpert', 'opinion', 'amprelev', 'commentari', 'question', 'http', 'co', 'zx4yovbsir']"
35,"['open', 'walk', 'vaccin', 'facil', 'need', 'appointmentat', 'borg', 'warner', 'factori', 'monavalley', 'industri', 'estat', 'trale', 'next', 'week', 'anyon', '50', 'age', 'may', 'later', 'reduc', 'hse', 'covid19']"
36,"['', 'uae', 'announc', '14new', 'covid19', 'cases9recoveri', 'death', 'last', '2hour', 'togetherwerecov', 'wamnewshttp', 'co', '5jryilh7uw']"
37,"['', 'askwho', 'live', 'q', 'amp', 'drmikeryan', 'dr', 'mvankerkhov', '16', '00h', 'cet', 'todaywho', 'twitterfacebooklinkedin', 'ampyoutubetun', 'ask', 'question', 'omicron', 'covid19', 'variant', 'concernhttp', 'co', 'gl60ic3cgh']"
38,"['netzfund', 'impfteuchinskni', 'covid19', 'impfschaeden', 'hh181', 'http', 'co', 'ubfhsvecnj']"
39,"['', 'il', 'diavolo', 'fa', 'le', 'pentol', 'non', 'coperchi', 'dopo', 'aver', 'alimentato', 'e', 'celebrato', 'il', 'delirio', 'nazivax', 'ora', 'suddetti', 'nazi', 'vengono', 'direttament', 'colpiti', 'da', 'cich', 'hanno', 'scatenato', 'contro', 'gli', 'altrispiaz', 'greenpassrafforzato', 'supergreenpass', 'tampon', 'covid19', 'covid_19', 'covid']"
40,"['vuelv', 'ver', 'la', 'entrevista', 'de', 'jlmartin_rtvcyl', 'al', 'secretario', 'del', 'comitd', 'experto', 'de', 'castilla', 'leÃ³n', 'frent', 'la', 'covid19', 'nachorosel', 'en', 'cuestiÃ³ndeprioridad', 'entrevista', 'completa', 'http', 'co', 'phj8m3zkbvhttp', 'co', 'dw7ri6aqla']"
41,"['cosa', 'sappiamo', 'sul', 'vaccino', 'anti', 'covid19', 'per', 'ragazzi', 'dai', 'agli', '1annidopo', 'la', 'raccomandazion', 'dell', 'ema', 'ed', 'il', 'via', 'libera', 'dell', 'aifad', '1dicembr', 'partiranno', 'le', 'prime', 'vaccinazioni', 'per', 'bambini', 'nella', 'fascia', 'di', 'et5', '1anniecco', 'cosa', 'c', 'da', 'saper', 'http', 'co', 'ox0xxjmmalhttp', 'co', '9vng0v2jhu']"
42,"['vuelv', 'ver', 'la', 'entrevista', 'de', 'jlmartin_rtvcyl', 'al', 'secretario', 'del', 'comitd', 'experto', 'de', 'castilla', 'leÃ³n', 'frent', 'la', 'covid19', 'nachorosel', 'en', 'cuestiÃ³ndeprioridad', 'entrevista', 'completa', 'http', 'co', 'zeuydzmyuxhttp', 'co', 'pejl8qoqlg']"
43,"['', 'ianrobodeep', 'cover', 'agent', 'covid19', '']"
44,"['bookmarkedessenti', 'util', 'rat', 'prevent', 'control', 'covid19', 'especi', 'omicronvari', 'move', 'swiftli', '']"
45,"['lv', 'cancelacion', 'en', 'masa', 'desd', 'reino', 'unido', 'al', 'poder', 'viajar', 'con', 'hijoshttp', 'co', '9lkcqlhfco', 'por', 'mateolbelart', 'coronaviru', 'covid19', 'economÃ­a', 'viaj']"
46,"['booster', 'book', 'earliest', 'time', 'avail', 'cityjanbojo', 'grand', 'booster', 'rollout', 'happen', 'side', 'christma', 'look', 'super', 'success', 'booster', 'bori', 'covid19']"
47,"['warehous', 'catch', 'fire', 'area', 'covid19', 'outbreak', '8', '1am', 'decemb', '15tha', 'warehous', 'guandu', 'districtkunmingyunnan', 'caught', 'fire', 'smoke', 'billow', 'scene', '']"
48,"['all', 'lÃ¤nder', 'europa', 'mit', 'einer', 'impfquot', 'gt', '65zu', 'beginn', 'der', 'delta', 'well', 'konnten', 'bisher', 'die', 'tgl', 'covid19', 'todesfÃ¤l', 'unter', '5', '1million', 'halten', 'ungarn', 'ist', 'auffÃ¤llighat', 'al', 'einzig', 'land', 'einen', 'totimpfstoff', 'breit', 'eingesetzthttp', 'co', 'taxbiww1d9http', 'co', 'qs8h2e4oo']"
49,"['want', 'covid19', 'jab', 'choiceeven', 'impact', 'nh', 'address', 'medic', 'demand', 'want', 'access', 'non', 'essenti', 'venu', 'need', 'vaccin', 'passport', 'testessenti', 'access', 'selfishstupidmoronshttp', 'co', 'f2imqi5vs0']"
50,"['', 'auspol', 'citizen', 'must', 'decid', 'risk', 'expos', 'prudentavoid', 'cost', 'auspol', 'amp', 'nswpol', 'economi', 'forese', 'futur', 'morrison', 'must', 'support', 'trump', 'call', 'compens', 'communist', 'caus', 'covid19', 'carnag', '']"
51,"['time', 'draintheswamp', 'democrat', 'murder', 'oppressor', 'profit', 'commun', 'america', 'covid19', 'trump', 'maga', 'insurrect', 'impeach', 'corruptionhttp', 'co', 'cnpbposinr']"
52,"['lachen', 'mÃ¼sste', 'ich', 'jawenn', 'da', 'irgendw', 'dabei', 'istder', 'zb', 'mit', 'der', 'nein', 'kampagn', 'zum', 'covid19', 'gesetz', 'verstrickt', 'ist', 'finanziel', 'hinicht', '']"
53,"['n_landcouncilrt', 'dhscgovukgp', 'drsarahjarvi', 'explain', 'get', 'covid19', 'booster', 'dose', 'help', 'protect', 'love', 'one', 'omicronvari', 'winterboost', 'info', 'http', 'co', 'gfjxgwlwgc', 'getboostednowhttp', 'co', 'dolvgphw2u']"
54,"['', 'fabtxanirova2kx', 'bk5oxrza6ryxano', 'gunma_covid19', 'éš ã‚Œã‚³ãƒ­ãƒŠè„³ã‚‚ä»Šæ—¥ã¯å‡ºç¾ã—ã¦ã¾ã™ã­', '']"
55,"['', 'covid19', 'omicron', 'vaccin']"
56,"['sinc', 'start', 'pandemic821', '33american', 'die', 'covid19', '15', '4of', 'death', 'worldwid', '17', '111999', 'oklahoma', 'tornado', 'outbreak', 'kill', '4peopl', '1999', 'http', 'co', 'juydwnrtmu']"
57,"['', 'home', 'hotspotdinn', 'parti', 'karanjohar', 'test', 'neg', 'covid19read', 'http', 'co', 'koerqtlahrhttp', 'co', 'wgosiowuhp']"
58,"['gli', 'unici', 'ad', 'esser', 'immunizzati', 'sono', 'soggettinon', 'siringatich', 'hanno', 'contratto', 'il', 'covid19', 'e', 'sviluppato', 'gli', 'anticorpi', 'naturalinoi', 'non', 'dobbiamo', 'dire', 'grazi', 'nessuno', 'pandemiadivaccinati', 'nogreepass', 'noss', 'draghiingalera']"
59,"['everi', 'adult', 'northeast', 'need', 'get', 'covid19', 'booster', 'vaccinebecaus', 'two', 'dose', 'give', 'enough', 'protect', 'catch', 'omicron', 'getboostednowhttp', 'co', 'zbr4nvhwpe']"
60,"['9new', 'case', 'uganda', '11', '3gmt', 'coronaviru', 'coronavirusupd', 'covid19', 'coronaviruspandem']"
61,"['raport', 'wojewÃ³dzki', '15', '12', '202sytuacja', 'epidemiologiczna', 'w', 'powiatach', 'covid19', 'ministerstwozdrowia', 'Å›lÄ…skie', '1minuta', 'wiesz', 'wiÄ™cej', 'http', 'co', 'nnxw4pdmvc']"
62,"['nÃ£o', 'cont', 'com', 'anticorpo', 'monoclonai', 'para', 'salvÃ¡', 'lo', 'pesquisador', 'alemÃ£', 'descobriram', 'que', 'covid19', 'terapia', 'de', 'anticorpo', 'sintÃ©tico', 'desenvolvida', 'por', 'eli', 'lilli', 'e', 'regeneron', 'perdem', 'maior', 'part', 'de', 'sua', 'eficÃ¡cia', 'quando', 'exposta', 'em', 'test', 'de', 'laboratÃ³rio', 'variant', 'omicron', '']"
63,"['hedg', 'fund', 'vs', 'covid19which', 'side', 'cheer', 'ondecisionsdecis', 'http', 'co', 'n9do00vwe', 'johnsonmustresign']"
64,"['Î±Î½Ï„Î±ÏÏƒÎ¯Ï„Ï‰Ï„ÏŒÏÎ¹ÎºÎ±Ï„Ï„Î¿Î¼Ï€ÏŒÏÎ¹Ï„Î¶ÏŒÎ½ÏƒÎ¿Î³Î¹Ï„Î½Î­Î¼Î­Ï„Ï', 'Ï€Î­ÏÎ±ÏƒÎ±Ï‡Î¬ÏÏƒÏ„Î¿Ï…ÎµÏÎ³Î±Ï„Î¹ÎºÎ¿Ïhttp', 'co', '98rqjeukkg', 'covid19', 'protagongr']"
65,"['à¤•', 'à¤°', 'à¤¨à¤•à¤¤', 'à¤¸à¤°à¤²à¤¹à¤•à¤²', 'à¤•à¤•', 'à¤¸à¤¹à¤›à¤¤', 'à¤¤', 'à¤¸à¤—à¤¢à¤•à¤¤', 'à¤¯', 'à¤°', 'à¤¦', 'à¤–', 'à¤ª', 'à¤°à¤¦', 'à¤•à¤¸', 'à¤¹à¤¸à¤œ', 'à¤¡', 'à¤¸à¤¬à¤¸à¤¬à¤¡', 'à¤¸', 'à¤µ', 'healthconclav', 'cggovern', 'omicron', 'covid19http', 'co', 'aundfmsz7g']"
66,"['', 'coronaviru', 'covid19', 'covid_19', 'sarscov', 'covid19worldhttp', 'co', 'ufvo4xqu2evalu', 'googl', 'trend', 'convent', 'covid', '19', 'metric', 'via', 'interact', 'framework', '15', '12', '2021', 'select', 'countri', 'http', 'co', 'amvrrx14dk']"
67,"['ikk', 'kapasitet', 'til', 'pcr', 'test', 'all', 'som', 'vil', 'ut', 'av', 'karanteneny', 'karanteneregl', 'har', 'fÃ¸rt', 'til', 'kapasitetsutfordring', 'pkoronasenteret', 'http', 'co', 'rsunpxv9tk', 'fredrikstad', 'korona', 'covid19', 'omikronhttp', 'co', 'rykgsyh8m4']"
68,"['', 'especialcoronaviru', 'sanofi', 'gsk_e', 'anuncian', 'resultado', 'preliminar', 'positivo', 'de', 'su', 'vacuna', 'de', 'refuerzo', 'contra', 'la', 'covid19', 'cc', 'sanofieshttp', 'co', 'umrsyv2rd7']"
69,"['gracia', 'la', 'revoluciÃ³n', 'cubana', 'la', 'visiÃ³n', 'futurista', 'de', 'fidel', 'tenemo', 'unapoblaciÃ³n', 'inmunizada', 'contra', 'la', 'covid19', 'mÃ¡squeunavacunaunpaÃ­', 'cubav', 'hÃ©roesdelasalud', 'cubacooperaven', 'minsapcubahttp', 'co', 'x0udtvzszg']"
70,"['', 'jeguitar', 'bfmtv', 'donnez', 'nou', 'un', 'budget', 'et', 'fera', 'mieux', 'Ã§a', 'n', 'est', 'pa', 'difficil', 'en', 'mÃªme', 'temp', '']"
71,"['12', '15æ™‚ç‚¹', 'æ±äº¬ã«ãŠã‘', 'covid19', 'æ„ŸæŸ“è€…æ•°', 'activecas', 'ã¯189äºº', 'äººå£ã«å ã‚ã‚‹æ„ŸæŸ“è€…ç‡ã¯0', '001', 'ã§ã™', 'éƒ½æ°‘ã®74178äººã«1äººãŒæ„ŸæŸ“ã—ã¦ã„ã‚‹è¨ˆç®—ã«ãªã‚Š', 'ã“ã‚Œã¯ä»®ã«ä»»æ„ã®éƒ½æ°‘', 'æ±äº¬ãƒ‰ãƒ¼ã‚’æº€å“¡ã«ã—ãŸå ´åˆ', '0', '62äººã®æ„ŸæŸ“è€…ã«ç›¸å½“ã—ã¾ã™', 'æ±äº¬ã‚³ãƒ­ãƒŠé€Ÿ', 'æ–°å‹ã‚³ãƒ­ãƒŠã‚¦ã‚¤ãƒ«', 'tokyo']"
72,"['', 'covid19', 'coronavÃ­ru', 'vacina', 'jundiahttp', 'co', 'e7ova0kw']"
73,"['', 'covid19', 'okullarkapansin', 'omicronhttp', 'co', 'p01a1yosfp']"
74,"['', 'coronaviru', 'covid19', 'covid_19', 'sarscov', 'covid19worldlast', 'updateddecemb', '15202110', '2gmtcovid', '19', 'coronaviru', 'graph', 'http', 'co', '3senhm1fsl']"
75,"['join', 'us', 'book', 'launchsecur', 'sector', 'respons', 'covid19', 'asiapacif', '1dec', '9', '00', '10', '30am', 'cet', 'http', 'co', '82dcb21tqihttp', 'co', 'aa9oi0hlb0']"
76,"['pandemia', 'nÃ£o', 'acab', 'pandemia', 'nÃ£o', 'acab', 'covid19http', 'co', 'e3rlwliz53']"
77,"['', 'cphia2021j', 'particip', 'depui', 'hier', 'la', '1Ã¨re', 'confer', 'sur', 'la', 'santpubliqu', 'en', 'afriqu', 'organisÃ©', 'par', 'africacdc', 'du', '14', '1dÃ©cembrela', 'journÃ©', 'hier', 'marquÃ©', 'par', 'le', 'point', 'sur', 'la', 'situat', 'de', 'la', 'covid19', 'en', 'afriqu', 'http', 'co', 'g0pct7zubu']"
78,"['peopl', 'meet', 'parti', 'say', 'karan', 'johar', 'test', 'neg', 'covid19', 'along', 'shanaya', 'sanjay', 'kapoor', 'karanjohar', 'shanayakapoor', 'sanjaykapoor', 'covid19', 'negativehttp', 'co', 'xcsieetxr6']"
79,"['', 'covid19', 'fault', 'pay', '']"
80,"['mit', 'einem', 'neuen', 'test', 'von', 'forscher', 'innen', 'der', 'uniklinik_fr', 'eiburg', 'lassen', 'sich', 'lÃ¶slich', 'immunkomplex', 'geringsten', 'spuren', 'nachweisen', 'relev', 'fÃ¼r', 'die', 'erforschung', 'und', 'diagnostik', 'von', 'autoimmunkrankheiten', 'und', 'von', 'viru', 'infektionen', 'wie', 'covid19http', 'co', 'u5kzibfky0']"
81,"['viru', 'spread', 'outbreaksif', 'erupt', 'largeit', 'becom', 'distincteach', 'outbreak', 'gener', 'specif', 'strain', 'virusth', 'proport', 'shown', 'second', 'graphgreen', 'color', 'areprimari', 'schoolsthey', 'closs', 'last', 'year', 'slovenia', 'covid19', 'coronahttp', 'co', 'nurxgdue8z']"
82,"['', 'coronaviru', 'covid19', 'covid_19', 'sarscov', 'covid19worldlast', 'updateddecemb', '15202110', '2gmtcovid', '19', 'coronaviru', 'pandemichttp', 'co', '3kxss9up6f']"
83,"['', 'covid19la', 'quasi', 'totalitd', 'lit', 'de', 'rÃ©anim', 'de', 'hospic', 'civil', 'de', 'lyon', 'occupÃ©', 'chudelyonhttp', 'co', '7vxfwetu39', 'via', 'actufr']"
84,"['', 'novisad', 'covid19', 'http', 'co', '8bbvevg9yh']"
85,"['', 'p_mcculloughmd', 'covid19', 'covid19ab', 'hydroxychloroquin', 'wait', 'see', 'whether', 'omicroni', 'dangerousit', 'would', 'far', 'latehydroxychloroquin', 'nopetti', 'nope', 'nope', 'omicronviru', 'vaccinepassport']"
86,"['', 'convid', 'covid19http', 'co', 'o1udotgxpm']"
87,"['economistsjudiciari', 'slam', 'gloss', 'covid19', 'abusehttp', 'co', 'd7dr9sg5jn']"
88,"['know', 'vaccin', 'spread', 'covid19', 'reason', 'get', 'vaccin', '']"
89,"['insan', 'psychosi', 'covid19']"
90,"['issu', 'intairport', 'featur', 'articl', 'rang', 'topic', 'includ', 'digitaltransform', 'sustainableairport', 'routedevelop', 'airport', 'recoveri', 'covid19http', 'co', '3pbfaune0fhttp', 'co', 'y1ah3wbrx5']"
91,"['benchmaharashtraandhra', 'pradeshadvertis', 'must', 'full', 'particular', 'givennot', 'one', 'two', 'line', 'supremecourt', 'covid19']"
92,"['new', 'covid', '19', 'data', '2021', '12', '105', '30', '00', 'est', 'coronaviru', 'covid19', 'covid_19http', 'co', 'ysdsvirzi']"
93,"['winter', 'protect', 'other', 'get', 'covid19', 'booster', 'soon', 'pleas', 'also', 'get', 'flu', 'jab', 'teamla', 'director', 'clinic', 'educationpaulin', 'cranmerreceiv', 'flu', 'vaccin', 'colleagu', 'ami', 'yesterday', 'brentsid', 'educ', 'centr', 'http', 'co', 'mgbdlikux2']"
94,"['quier', 'reformar', 'tu', 'baÃ±o', 'en', 'valencia', 'con', 'una', 'empresa', 'de', 'confianzacumplimo', 'medida', 'covid19http', 'co', 'jblvfsh5dn']"
95,"['', 'ministerodella', 'il', 'nuovo', 'decreto', 'del', '16', '1vale', 'anch', 'per', 'lavoratori', 'transfrontalieri', 'covid19', 'statodiemergenza', 'transfrontalieri']"
96,"['everi', 'adult', 'countri', 'need', 'get', 'covid19', 'booster', 'vaccinebecaus', 'two', 'dose', 'give', 'enough', 'protect', 'catch', 'omicron', 'today', '18', 'book', 'dose', 'http', 'co', 'yancvwlsj', 'http', 'co', 'ntl28ldqnp']"
97,"['', 'atenciÃ³', 'amplien', 'el', 'espai', 'en', 'el', 'qual', 'es', 'demanarcertificat', 'covid19', 'restaurantsbar', 'cafeteri', 'cabuda', '50', 'per', 'residÃ¨nciesdiscotequ', 'establi', 'amb', 'celebracion', '50', 'per', 'bar', 'copespubsestabli', 'turÃ­stic', 'amb', 'habcompartideshttp', 'co', 'in2m4thjnw']"
98,"['check', 'covid19', 'vaccin', 'clinic', 'take', 'place', 'today', 'prajapati', 'centrefind', 'nearest', 'walk', 'clinic', 'get', 'vaccin', 'athttp', 'co', 'vh6e95h6pr', 'getvaxxedstayontrack', 'http', 'co', 'nniobmd119']"
99,"['', 'covid19i', 'dati', 'di', 'crema', 'e', 'del', 'cremascoat', 'val', 'padana', 'sono', '6i', 'nuovi', 'casi', 'positivi', 'guarda', 'la', 'mappa', 'interattiva', 'del', 'cremasco', 'http', 'co', 'rvtpywuse']"
100,"['coronaviru', 'case', 'sri', 'lanka', 'current', '576', '194', 'activ', '15', '430', 'case', 'today', '0', 'death', '14', '66', 'case', 'yesterday', '76', 'recov', '546', '10', 'death', 'today', '0', 'total', 'pcr', 'test', '5', '776', '97', 'statu', 'id', '3', 'covid19sl', 'covid19lk', 'http', 'co', 'vajndpcsg2']"
101,"['el', 'prÃ³ximo', '3de', 'diciembr', 'de', '202vencerel', 'plazo', 'para', 'que', 'lo', 'contribuyent', 'con', 'obligacion', 'pendient', 'con', 'la', 'dian', '30', 'de', 'junio', 'de', '2021', 'que', 'el', 'incumplimiento', 'haya', 'sido', 'ocasionado', 'agravado', 'como', 'consecuencia', 'de', 'la', 'pandemia', 'generada', 'por', 'covid19', 'http', 'co', 'iduwfwy0eg']"
102,"['el', 'enfermo', 'covid19', 'omicron', 'es', 'un', 'tratamiento', 'mÃ©dico', 'el', 'enfermo', 'covid19', 'delta', 'es', 'otro', 'tratamientocomo', 'el', 'mÃ©dico', 'sabe', 'que', 'variant', 'carga', 'encima', 'su', 'pacient']"
103,"['', 'crvehicular', 'restricciÃ³nvehicularcr', 'covid19', 'traficocr', 'quedateencasa', 'http', 'co', 'dgjb4ncibx']"
104,"['la', 'pandemia', 'de', 'covid19', 'ha', 'provocado', 'cambio', 'en', 'la', 'farmaciapero', 'tambiÃ©n', 'en', 'el', 'pacient', 'en', 'quconsistenun', 'estudio', 'de', 'iqvia_spain', 'analiza', 'lo', 'cambio', 'en', 'la', 'demanda', 'en', 'lo', 'canal', 'de', 'compra', 'http', 'co', 'bxursbcrnjhttp', 'co', 'nw081i6peg']"
105,"['', 'covid19', 'opÃ©rat', 'de', 'vaccin', 'larna', 'jeudi', '16', '1de', '14h', '18h', 'au', 'sein', 'de', 'la', 'sall', 'santagnpar', 'le', 'professionnel', 'de', 'santÃ©pris', 'rdv', 'en', 'appel', 'la', 'mairi', 'de', 'larna', 'retrouvez', 'tout', 'le', 'inform', 'sur', 'l', 'offr', 'vaccinal', 'en', 'ardÃ¨ch', 'http', 'co', 'xmcqjqgx59http', 'co', 'hnvil67tkp']"
106,"['australia', 'ink', 'principl', 'agreement', 'moderna', 'product', 'around', '100', 'million', 'mrnavaccin', 'australia', 'yearstart', '2024', 'covid19', 'covidvaccinehttp', 'co', 'fguwvcjjxr']"
107,"['', 'artificialintellig', 'predict', 'covid19', 'patient', 'need', 'icu', 'care', 'ai', 'technolog', 'train', 'use', 'data', 'around', '400', 'caseshttp', 'co', 'ww1dtovplb', 'healthcar']"
108,"['sada', 'uradit', 'analizu', 'podatakapresek', 'stanjakoliko', 'imat', 'od', 'poÄetka', 'pandemij', 'covid19', 'u', 'eu', 'po', 'mesecimapreminulihzvaniÄnoa', 'koliko', 'je', 'uveÄ‡anj', 'mortaliteta', 'po', 'drÅ¾avama', 'Älanicamada', 'uoÄit', 'obim', 'netaÄnog', 'fake', 'izveÅ¡tavanja', 'pandemiji', 'u', 'eu', '']"
109,"['nasaã®å®‡å®™æ¢æŸ»æ©ŸãŒå¤ªé™½ã‚³ãƒ­ã«åˆ°å²ä¸Šitmedia', 'news', 'æ–°å‹è‚º', 'ã‚³ãƒ­', 'æ–°å‹ã‚³ãƒ­', 'æ–°å‹ã‚³ãƒ­ãƒŠã‚¦ã‚¤ãƒ«', 'covid19', 'ã†ã¡ã§éã”ã', 'æ„ŸæŸ“æ™‚ã«å‚™ãˆã‚ˆ', 'æˆ¦ã†ç›¸æ‰‹ã¯äººã§ã¯ãªãã‚¦ã‚¤ãƒ«', 'http', 'co', 'vjxoixvjya']"
110,"['raport', 'wojewÃ³dzki', '15', '12', '202sytuacja', 'epidemiologiczna', 'covid19', 'ministerstwozdrowia', 'Å›lÄ…skie', '1minuta', 'wiesz', 'wiÄ™cej', 'http', 'co', 'ktzj7cqtu3']"
111,"['ãƒ•ã‚¡ã‚¤ã‚¶æ–°å‹ã‚³ãƒ­ã®é£²ã¿è–¬ãƒªã‚¹ã‚¯ï¼˜ï¼™', 'ä½ä¸‹ã®åŠ¹æœç¢ºèªã¨ç™ºè¡¨', 'tb', 'news', 'æ–°å‹è‚º', 'ã‚³ãƒ­', 'æ–°å‹ã‚³ãƒ­', 'æ–°å‹ã‚³ãƒ­ãƒŠã‚¦ã‚¤ãƒ«', 'covid19', 'ã†ã¡ã§éã”ã', 'æ„ŸæŸ“æ™‚ã«å‚™ãˆã‚ˆ', 'æˆ¦ã†ç›¸æ‰‹ã¯äººã§ã¯ãªãã‚¦ã‚¤ãƒ«', 'http', 'co', 'oirq9whbjg']"
112,"['åƒè‘‰çœŒã®ã‚³ãƒ­ãƒŠæ„ŸæŸ“è€…æ•°ã¯', 'http', 'co', 'vcjztf7yoa']"
113,"['æ–°å‹ã‚³ãƒ­ãƒ•ã‚¡ã‚¤ã‚¶ãƒ¼ã®é£²ã¿è–¬', 'ã‚ªãƒŸã‚¯ãƒ­ãƒ³å‹ã«åŠ¹æœåˆæœŸåˆ†æ—¥æœ¬çµŒæ¸ˆæ–°', 'æ–°å‹è‚º', 'ã‚³ãƒ­', 'æ–°å‹ã‚³ãƒ­', 'æ–°å‹ã‚³ãƒ­ãƒŠã‚¦ã‚¤ãƒ«', 'covid19', 'ã†ã¡ã§éã”ã', 'æ„ŸæŸ“æ™‚ã«å‚™ãˆã‚ˆ', 'æˆ¦ã†ç›¸æ‰‹ã¯äººã§ã¯ãªãã‚¦ã‚¤ãƒ«', 'http', 'co', 'jtjk63dwh6']"
114,"['ç±³ã§ã‚³ãƒ­æ„ŸæŸ“å¢—æ·±æ­»è€…ï¼˜ï¼ä¸‡äººè¶…', 'ãƒã‚¹ã‚¯ç¾©å‹™å†é–‹ç”£çµŒãƒ‹ãƒ¥ãƒ¼', 'æ–°å‹è‚º', 'ã‚³ãƒ­', 'æ–°å‹ã‚³ãƒ­', 'æ–°å‹ã‚³ãƒ­ãƒŠã‚¦ã‚¤ãƒ«', 'covid19', 'ã†ã¡ã§éã”ã', 'æ„ŸæŸ“æ™‚ã«å‚™ãˆã‚ˆ', 'æˆ¦ã†ç›¸æ‰‹ã¯äººã§ã¯ãªãã‚¦ã‚¤ãƒ«', 'http', 'co', 'qxy3r52euy']"
115,"['', 'hoy', 'comienza', 'la', 'campaÃ±a', 'de', 'vacunaciÃ³n', 'contra', 'la', 'covid19', 'para', 'inmunizar', 'lo', 'niÃ±o', 'de', 'entr', '1aÃ±o', 'es', 'obligatorio', 'vacunar', 'lo', 'menor', 'quvacuna', 'son', 'apta', 'para', 'ellosresolvemo', 'aqula', 'duda', 'mÃ¡', 'frecuent', 'http', 'co', 'pbwunupw6shttp', 'co', 'wttc4xdizi']"
116,"['æ–°å‹ã‚³ãƒ­ã®é£²ã¿24æ—¥ã«ã‚‚å›½å†…åˆæ‰¿èªã«å‘ã‘å¯©è­°åšåŠ´', 'http', 'co', 'icyvgelgmt', 'æ–°å‹è‚º', 'ã‚³ãƒ­', 'æ–°å‹ã‚³ãƒ­', 'æ–°å‹ã‚³ãƒ­ãƒŠã‚¦ã‚¤ãƒ«', 'covid19', 'ã†ã¡ã§éã”ã', 'æ„ŸæŸ“æ™‚ã«å‚™ãˆã‚ˆ', 'æˆ¦ã†ç›¸æ‰‹ã¯äººã§ã¯ãªãã‚¦ã‚¤ãƒ«', 'http', 'co', 'covvgjzmcw']"
117,"['la', 'xunta', 'ha', 'pedido', 'hoy', 'autorizaciÃ³n', 'al', 'tsxgalicia', 'para', 'exigir', 'el', 'pasaport', 'covid19', 'para', 'acced', 'aresidencia', 'de', 'mayor', 'gimnasio', 'piscina', 'cubiertasevento', 'multitudinario', 'en', 'lo', 'que', 'se', 'venda', 'alimento', 'bebida', 'tsxg']"
118,"['let', 'talk', 'trace', 'contact', 'tracingpeopleth', 'intersect', 'interactwhil', 'covid19', 'focu', 'currentlyther', 'concern', 'epidem', 'like', 'diabet', 'dementia', 'drug', 'addict', 'foodsecur', 'racism', 'cancer', 'http', 'co', 'xsnufvqleihttp', 'co', 'mqzwaetuat']"
119,"['partner', 'person', 'disabl', 'access', 'sustain', 'post', 'covid19', 'worldhttp', 'co', 'utrwogqd1b']"
120,"['l', 'annÃ©', 'de', 'la', 'pandÃ©mi', 'de', 'covid19', 'marquÃ©', 'par', 'une', 'hauss', 'de', 'la', 'faim', 'en', 'afriqu', 'onu', 'ua', '_africanunion', 'eca_offici', 'faoenfrancaishttp', 'co', 'h0heu2kbx']"
121,"['', 'restricciÃ³nvehicularcr', 'covid19', 'traficocr', 'quedateencasa', 'http', 'co', 'slam83c6mk']"
122,"['', 'perhap', 'biggest', 'danger', 'omicron', 'learn', 'continu', 'repeat', 'past', 'mistak', 'gaviseth', 'explain', 'make', 'better', 'use', 'covid19', 'vaccin', 'http', 'co', 'hdoen6ljsn', 'via', 'wef']"
123,"['', 'covid19', 'plan', 'blanc', 'activdan', 'le', 'hÃ´pitaux', 'de', 'mosel', 'quell', 'incid', 'pour', 'le', 'patient', 'http', 'co', 'cwlwmtv7bchttp', 'co', 'qjwgeo0o3o']"
124,"['', 'la', 'uci', 'de', 'vigo', 'alcanzan', 'lo', '2pacient', 'con', 'covid', 'en', 'una', 'jornada', 'con', '409', 'nuevo', 'positivoshttp', 'co', 'vjsturfdu', 'vigo', 'covid19']"
125,"['', 'southkorea', 'warn', 'wednesday', 'may', 'reinstat', 'stricter', 'socialdistanc', 'curb', 'post', 'new', 'record', 'daili', 'coronaviru', 'talli', 'due', 'persist', 'spike', 'breakthrough', 'infect', 'among', 'vaccin', 'seriou', 'case', 'covid19', 'http', 'co', '7sn6pqf5tq']"
126,"['', 'covid19', 'zergatik', 'ez', 'da', 'txertatzen', 'jendeaespainian', 'egindako', 'inkesta72ktxertoak', 'oso', 'azkar', 'garatu', 'diraez', 'dira', 'seguruak', 'edo', 'esperimentazio', 'fasean', 'daud', '48ktxarrak', 'dira', 'osasunerako44knegozio', 'bat', 'dira41kez', 'dute', 'funtzionatzen', 'http', 'co', '5vftwjzceohttp', 'co', 'oni1hpavgi']"
127,"['na', 'provÃ­ncia', 'de', 'gaza', 'eclodiram', 'surto', 'covid19', 'com', '1novo', 'infectado', 'distrito', 'de', 'bileneem', 'mandlakaziem', 'chongoeneem', 'guijÃ¡no', 'limpopoem', 'massangenaem', 'mabalan', 'e', 'na', 'cidad', 'de', 'xai', 'xaihttp', 'co', '0ho2xevxxshttp', 'co', 'c5e7z0ljxv']"
128,"['', 'covid19', 'el', 'hospit', 'de', 'bariloch', 'realizarhoy', 'una', 'jornada', 'extendida', 'de', 'vacunaciÃ³n', 'para', 'todo', 'lo', 'grupo', 'dosisla', 'misma', 'se', 'desarrollard', '1en', 'el', 'vacunatorio', 'del', 'gimnasio', 'municip', 'en', 'todo', 'lo', 'centro', 'de', 'salud', 'de', 'la', 'ciudad', 'http', 'co', 'knvau4xnpk']"
129,"['autoridad', 'sanitaria', 'dijeron', 'que', 'Ã³micron', 'superara', 'la', 'cepa', 'delta', 'en', 'lo', 'lugar', 'dond', 'hay', 'transmisiÃ³n', 'comunitaria', 'http', 'co', 'brdhc0926x', 'covid19']"
130,"['peopl', 'age', '1and', 'england', 'elig', 'book', 'covid', '19', 'booster', 'jab', 'latest', 'widen', 'vaccin', 'programmehttp', 'co', 'ufqh7hkyfo', 'covid19', 'boostervaccin']"
131,"['gleich', 'ist', 'eben', 'nicht', 'gleich', 'wenn', 'es', 'um', 'covid19', 'geht', 'parlch', 'parlament', 'boosterimpfung']"
132,"['dr', 'lancelot_pinto', 'aajtak', 'share', 'view', 'thought', 'reopen', 'school', 'mumbai', 'safeti', 'kid', 'amidst', 'newli', 'found', 'covid', '19', 'variantomicronwatch', 'video', 'know', 'pdhh', 'covid19']"
133,"['à²¤', 'à²²', 'à²—', 'à²£à²•', 'à²¨', 'à²¯à²®à²¤', 'à²¤à²¸', 'à²®', 'à²²', 'à²¯à²¦', 'à²¬', 'à²‡à²¬', 'à²¬à²°', 'à²—à²“à²®', 'à²•', 'à²°', 'à²¨', 'prajavani', 'omicron', 'covid19', 'hyderabad', 'http', 'co', 'gyjqbondqc']"
134,"['', 'gacciob', 'n', 'import', 'quoi', 'c', 'est', 'pa', 'le', 'covid19', 'c', 'est', 'la', 'gripp', '']"
135,"['covid', '19', 'ÅŸitm', 'kaybv', 'deng', 'bozukluÄŸuna', 'yol', 'aÃ§Ä±yorhttp', 'co', 'o8rxpqjhsz', 'covid19', 'iÅŸitmekayb', 'deng', 'kulak', 'koronavirÃ¼', 'omicronhttp', 'co', 'rlqdcya3w4']"
136,"['high', 'court', 'refus', 'scrutini', 'govern', 'ban', 'religi', 'gatheringshttp', 'co', 'qvbv2f9nmeffect', 'dictatorship', 'legal', 'system', 'state', 'emerg', 'due', 'covid19', 'pandem', 'governmentza', 'execut', 'whim', 'legalis', '']"
137,"['', 'naglalakk', 'thoroddsenasdi', 'Ã¾ahefÃ°i', 'samt', 'ekki', 'dÃ¡ief', 'Ã¾ahefÃ°i', 'ekki', 'fengicovid19fÃ³lk', 'getur', 'lifagÃ³Ã°u', 'lÃ¶ngu', 'lÃ­fi', 'mesinn', 'sjÃºkdÃ³m', 'Ã¡hÃ¦ttuÃ¾Ã¡tt', 'sem', 'samt', 'gÃ¦ti', 'valdiÃ¾vaÃ¾adeyi', 'Ãºr', 'covid19', 'dÃ¡narmein', 'Ã­slandi', 'eru', 'lÃ­ka', 'skrÃ¡Ã¾annig', 'ateki', 'fram', 'akutog', 'contribut', '']"
138,"['raport', 'wojewÃ³dzki', '15', '12', '202sytuacja', 'epidemiologiczna', 'covid19', 'ministerstwozdrowia', 'Å›lÄ…skie', '1minuta', 'wiesz', 'wiÄ™cej', 'http', 'co', 'fmdqirfrmi']"
139,"['deutschland', 'hat', 'ausreichend', 'mrna', 'impfstoff', 'auf', 'lagerum', 'allen', '34m', 'geimpften', 'erwachsenen', 'ein', 'booster', 'angebot', 'zu', 'machen', 'da', 'gilt', 'unabhÃ¤ngig', 'von', 'den', 'geplanten', 'lieferungen', 'im', 'q1also', 'nach', 'aktuellem', 'stand', 'gt', '16m', 'dosen', 'pro', 'monatvia', 'tinosorg', 'covid19', 'lauterbach']"
140,"['', 'jfeldschuetz', 'kla13', 'wideralalalala', 'nicd_sa', 'da', 'stimmt', 'schlicht', 'nichterst', 'vor', 'wenigen', 'wochen', 'ist', 'ein', 'vier', 'jÃ¤hrige', 'kind', 'gestorbenund', 'covid19', 'bringt', 'auch', 'myokarditisschlimm', 'und', 'unkontrolliert', 'al', 'impfungdi', 'daten', 'geben', 'gerad', 'bei', 'jungen', 'kinder', 'Ã¼berhaupt', 'kein', 'fÃ¤lle', 'dazu', '']"
141,"['ordinari', 'layman', 'tri', 'make', 'sens', 'thing', 'said', 'last', 'year', 'year', 'bout', 'flui', 'killer', 'covid19lik', 'southern', 'hemispher', 'gone', 'second', 'seasonno', 'strain', 'flu', 'show', 'major', 'fashion', '']"
142,"['help', 'slow', 'spread', 'covid19', 'identifi', 'risk', 'case', 'sooner', 'self', 'report', 'symptom', 'dailyeven', 'feel', 'well', 'download', 'apphttp', 'co', '4tt3gornli']"
143,"['new', 'post', 'hospit', 'ceocovid', 'patient', 'die', 'rate', 'never', 'seen', 'publish', 'covid19', 'informationnewsstat', 'http', 'co', 'zgkogexqsnhttp', 'co', 'wdvxljedmn']"
144,"['plan', 'covid19', 'con19', 'thegreatdecept', 'depopul', 'http', 'co', 'z2o485npzk']"
145,"['alway', 'make', 'sure', 'wear', 'facemask', 'properli', 'cover', 'nosemouth', 'ampchinstay', 'alert', 'stay', 'safe', 'covid19', 'infect', 'odishacareshttp', 'co', '8qq0gql6u3']"
146,"['', 'le', 'frontali', 'belg', 'pourront', 'bÃ©nÃ©ficier', 'du', 'congpour', 'raison', 'familialeshttp', 'co', '9yakv1gxif', 'lesfrontali', 'luxembourg', 'belgiqu', 'enfant', 'covid19', 'emploishttp', 'co', 'jqtrdmijrp']"
147,"['', 'elisahk9', 'lagrosta', 'enfin', 'le', 'franÃ§ai', 'comprenn', 'que', 'le', 'vrai', 'n', 'est', 'la', 'covid19', 'mai', 'bien', 'la', 'tÃ©lÃ©vision', 'et', 'tou', 'ceux', 'qui', 'en', 'servent', 'espoir']"
148,"['xunta', 'pediu', 'hox', 'autorizaciÃ³n', 'ao', 'tsxgalicia', 'para', 'esixir', 'pasaport', 'covid19', 'para', 'acced', 'aresidencia', 'de', 'maior', 'ximnasio', 'ou', 'piscina', 'cuberta', 'evento', 'multitudinario', 'no', 'que', 'se', 'venda', 'alimento', 'ou', 'bebida', 'tsxg']"
149,"['', 'cab262merci', 'pour', 'ce', 'mÃ©ga', 'moment', 'except', 'ovou', 'nou', 'avez', 'expliqurigoureus', 'le', 'mode', 'emploi', 'de', 'masquesfourni', 'aux', 'institutric', 'et', 'instituteur', 'de', 'no', 'Ã©cole', 'franÃ§ais', 'faut', 'bien', 'celaquand', 'sait', 'qu', 'il', 'ne', 'protÃ¨gent', 'pa', 'du', 'covid19', '']"
150,"['5new', 'confirm', 'covid19', 'case', 'report', 'pm', 'tue', '4pm', 'wed', 'ningbohangzh', 'shaox', 'east', 'china', 'zhejiang', 'provincemak', 'total', '29domest', 'case', 'provinc', 'sinc', 'dec', '5', 'http', 'co', 'tuigops5ah']"
151,"['', 'bk5oxrza6ryxano', 'l_p_n_177', 'xeiia4fuig8h5dh', 'gunma_covid19', 'ä¸€å¹´ãŒã‚“ã°ã£ã¦ã‚ˆãç¨¼ã„ã ã‹ã‚‰å¹´æœ«å¹´å§‹ã¯ãƒãƒã«å‡ºã¦æ•£è²¡ã—ã¾ã—ã‚‡ã†', 'è‡ªç²›å¤§å¥½ãã‚³ãƒ­ãƒŠè„³ã¡ã‚ƒã‚“ãŸã¡ã¯å¥½ã', 'ãªã ã‘é–‰ã˜ã“ã‚‚ã£ã¦ã¦ãã ã•ã„ãª', '']"
152,"['haben', 'wir', 'da', 'evtleinen', 'hausgemachten', 'viruswenn', 'die', 'mutationen', 'springen', 'covid19']"
153,"['ocupaciÃ³n', 'uci', 'en', 'bogot', 'covid19', 'ayer', 'ucibogot', 'mapaucibogot', 'uci_opfuent', 'http', 'co', 'ouhzyxhpdphttp', 'co', 'ffewptz2tz']"
154,"['sono', 'verament', 'frustratoperchtest', 'giornalistich', 'cosimportanti', 'scadono', 'quest', 'pagliacci', 'impostori', 'criminali', 'lecchini', 'pagliacci', 'vili', 'covid19', 'vaccino', 'terzadosehttp', 'co', 'ed72ezwxpn']"
155,"['bolu', 'da', 'vaka', 'sayilari', 'ne', 'durumda', 'http', 'co', 'mjip0tkhtm', 'bolu', 'vakasayÄ±lar', 'covid19', 'koronavirÃ¼']"
156,"['', 'mvetto', 'riccardo72r', 'eppur', 'la', 'balanzoninel', 'febbraio', '2020', 'fu', 'la', 'prima', 'controbatter', 'negazionisti', 'scanzigismondotelesetarro', 'e', 'sgarbi', 'con', 'un', 'suo', 'video', 'efficacissimo', 'sulla', 'necessitdi', 'isolarsipoi', 'deve', 'essersi', 'anch', 'ammalata', 'gravement', 'di', 'covid19']"
157,"['booster', 'book', 'anyon', 'stuck', 'onlin', 'queue', 'stick', 'outmin', 'said', 'would', '10', 'minutesbut', 'abl', 'book', 'less', 'boosterjab', 'covidboost', 'covid19', 'getboost']"
158,"['', 'coinexportugu', 'nathard8desejo', 'que', 'todo', 'os', 'pacient', 'covid19', 'sejam', 'curado', 'e', 'que', 'est', 'vÃ­ru', 'mortal', 'desapareÃ§a', 'da', 'terraÃ¡men', 'adrianathebabi', 'chrisreaderok', 'kardena', 'coinex4th', 'together4ev']"
159,"['', 'covid19', 'il', 'pourrait', 'survivr', 'plusieur', 'heur', 'dan', 'l', 'air', 'et', 'troi', 'jour', 'sur', 'de', 'surfac', 'kibaro', 'guine']"
160,"['', 'covid19it', 'challeng', 'critic', 'need', 'water', 'difficult', 'get', 'distribut', 'kibraour', 'public', 'hospit', 'kibra', 'well', 'stock', 'covidvaccin', 'come', 'dosepatrick', 'mutuapubl', 'health', 'nm', 'http', 'co', 'xizqxrswp9']"
161,"['pfizer', 'asegura', 'que', 'su', 'pastilla', 'tien', 'un', '89', 'de', 'efectividad', 'contra', 'la', 'covid', '19', 'http', 'co', 'chgbhumaxa', 'coronaviru', 'pfizer', 'covid19']"
162,"['ara', 'que', 'ha', 'comenÃ§at', 'la', 'vacunaciinfantil', 'de', 'la', 'covid19recuperem', 'aquest', 'espai', 'de', 'l', 'infok', 'de', 'tv3cat', 'per', 'aclarir', 'possibl', 'dubteshttp', 'co', 'hxgrsvxjif']"
163,"['hope', 'pfizer', 'would', 'make', 'itsantivir', 'therapeut', 'drug', 'pf', '0732133', 'paxlovid', 'avail', 'nation', 'afford', 'pricesand', 'would', 'take', 'initi', 'regard', 'covid19', 'sarscov', 'alphawif', 'delta', 'omicron']"
164,"['sever', 'stori', 'advers', 'reaction', 'thread', 'person', 'know', 'coupl', 'local', 'mestoriesaft', 'see', 'see', 'think', 'covid19', 'clinic', 'trial', 'failurei', 'also', 'think', 'danger', 'ampw', 'better', 'without', '']"
165,"['', '1grudnia', '18', '00', 'odbÄ™dzi', 'sikolejni', 'wykÅ‚ad', 'z', 'cyklu', 'medyczn', 'Å›rodi', 'wykÅ‚ad', 'pt', 'diabetkwi', 'w', 'szczegÃ³Å‚achczyli', 'fakti', 'miti', 'dotyczÄ…c', 'testÃ³w', 'na', 'koronawirusapoprowadzi', 'profdr', 'habtomasz', 'grzybowski', 'z', 'wydziaÅ‚u', 'lekarskiego', 'collegiummedicum', 'umk', 'umk_badawczi', 'covid19']"
166,"['nine', 'omicron', 'case', 'confirm', 'thailand', 'datef', 'other', 'await', 'confirm', 'covid19read', 'http', 'co', 'vb9bsy9pj', 'http', 'co', '3vxxmfnxdt']"
167,"['', 'cÃ³rdoba90', 'caso', 'de', 'covid19', '800', 'persona', 'aislada', 'por', 'una', 'fiesta', 'de', 'egresadoshttp', 'co', 'arsd0s1ytg']"
168,"['', 'us', 'cdc', 'urg', 'citizen', 'avoid', 'travel', 'itali', 'greenland', 'covid', 'concern', 'http', 'co', 'jgu68rtqpx', 'greenlandnft', 'covid19http', 'co', 'n1cr095tbh']"
169,"['lo', 'dato', 'de', 'sudÃ¡frica', 'hablan', 'por', 'ssolosla', 'promocionada', 'variant', 'omicron', 'es', 'leve', 'en', 'cuanto', 'gravedad', 'de', 'la', 'enfermedaddigamo', 'que', 'estconvirtiendos', 'en', 'la', 'vacuna', 'naturalmucha', 'persona', 'son', 'incapac', 'de', 'disfrutar', 'de', 'la', 'buena', 'noticia', 'covid19', 'vacunanatur']"
170,"['centr', 'review', 'commissioninginstal', 'ampfunct', 'statu', 'oxygen', 'suppli', 'equip', 'suppli', 'state', 'ut', 'state', 'conduct', 'mock', 'drill', 'ensur', 'full', 'function', 'oxygen', 'equip', 'covid19']"
171,"['problem', 'us', 'alway', 'caught', 'ethic', 'dilemmawheth', 'serv', 'nation', 'everi', 'capac', 'immun', 'studywhat', 'read', 'becom', 'give', 'servic', 'covid19', 'crisispleas', 'give', 'us', 'attempt', 'upscextraattempt', 'extraattemptforal']"
172,"['', 'seven7kevin', 'mayb', 'johnson', 'die', 'covid19', '']"
173,"['obj', 'among', 'nine', 'place', 'covid', 'list', 'ram', 'via', 'espn', 'nfl', 'sportsbiz', 'season', 'health', 'pandem', 'covid19', 'la', 'laram', 'covidlist', 'footbal', 'nfl', 'http', 'co', 'cixwywj7mk']"
174,"['omicron', 'wave', 'probabl', 'significantthreat', 'covid19', 'outbreakhealth', 'chief', 'warn', 'mp', 'predict', 'staggeringnumb', 'case', 'spread', 'acceler', 'doubl', 'time', 'less', 'dayshttp', 'co', 'arpiovy28m']"
175,"['', 'acompanado_el', 'covid19deltadelta', 'plu', 'omicron']"
176,"['get', 'vaccin', 'covid19', 'protect', 'protect', 'omicron', 'variant']"
177,"['gatsbi', 'pursuedth', 'pursuingth', 'busi', 'tiredif', 'conserv', 'cchqlondon', 'number10press', 'spent', 'much', 'effort', 'covid19', 'lyingcov', 'ars', 'fuck', 'pandem', 'would', 'alreadi', 'http', 'co', '3fbdmjoeq6']"
178,"['12', '14ã¾ã§ã®ç©ç®—æ­»äº¡è€…æ•°ã¨gompertzæ›²ç·šäºˆæ¸¬ãƒ¢ãƒ‡ãƒ«', 'é’ç‚¹ãŒå ±å‘Šæ•°', 'æ©™ç·šãŒãƒ¢ãƒ‡ãƒ«äºˆæ¸¬', 'ãƒ¢ãƒ‡ãƒ«ã«ã‚ˆã‚‹äºˆæ¸¬ç´¯ç©æ­»äº¡è€…æ•°ã¯1', '8ä¸‡å°ã§å¤‰ã‚ã‚‰ãš', 'å…¨ã¦ã®äº‹è±¡ã‚’gompertzæ›²ç·šã§è¡¨ç¤ºã—ãŸ', 'covid19', 'gompertz', 'æ•°ç†ãƒ¢ãƒ‡', 'mathematica']"
179,"['', 'le', 'pay', 'ole', 'total', 'de', 'dÃ©cÃ¨', 'augment', 'le', 'plu', 'rapidementla', 'corÃ©', 'du', 'sud', 'avec', 'un', 'taux', 'de', 'croissanc', 'quotidien', 'de', '1', '2', 'le', 'burkina', 'faso', '0', '7ettrinitÃ©', 'et', 'tobago', '0', '6', '']"
180,"['seem', 'increasingli', 'inform', 'realis', 'vaccin', 'pass', 'evidenti', 'basisar', 'worthless', 'term', 'public', 'health', 'consid', 'instrument', 'control', 'vaccinepass', 'covid19']"
181,"['nsw', 'handl', 'pandem', 'much', 'better', 'othersth', 'gold', 'standard', 'auspol', 'covid19', 'springst']"
182,"['survey', 'offer', 'patient', 'opportun', 'tell', 'us', 'experi', 'hospit', 'ask', 'question', 'whole', 'experiencefrom', 'admiss', 'discharg', 'includ', 'impact', 'covid19', 'care', 'http', 'co', 'z0nke6gmjz']"
183,"['au', 'niveau', 'mondialon', 'recens', '8', '269', 'dÃ©cÃ¨', 'durant', 'la', 'derniÃ¨r', 'journÃ©el', '53', '5de', 'ce', 'dÃ©cÃ¨', 'sont', 'en', 'europe21', '4en', 'amÃ©riqu', 'du', 'nord', 'et', '13', '9en', 'asi', '']"
184,"['', 'democratsdeliv', 'quick', 'blame', 'climat', 'changeon', 'tornado', 'stupid', 'stupid', 'doeshttp', 'co', '6fmhcrnnpi', 'msnbc', 'morning_jo', 'foxnew', 'democrat', 'immigr', 'nytim', 'cnnpolit', 'abcnew', 'cb', 'washingtonpost', 'nationalact', 'naacp', 'blm', 'politica', 'covid19', 'thr', 'senat']"
185,"['pay', 'ole', 'total', 'de', 'ca', 'confirmÃ©', 'progress', 'le', 'plu', 'rapidementsaint', 'marin', 'avec', 'un', 'taux', 'de', 'croissanc', 'quotidien', 'de', '1', '3', 'andorr', '1', '2et', 'le', 'liechtenstein', '1', '1', '']"
186,"['à¹€à¸›', 'à¸”à¸ˆà¸­à¸‡à¸„', 'à¸§à¸‰', 'à¸”à¸à¸£à¸°à¸•', 'à¸™à¹€à¸‚', 'à¸”', 'à¸§', 'à¸§', 'à¸„à¸‹', 'à¸™à¹„à¸Ÿà¹€à¸‹à¸­à¸£', 'pfizer', 'à¸œ', 'à¸²à¹€à¸„à¸£', 'à¸­à¸‚', 'à¸²à¸¢à¸¡', 'à¸­à¸–', '1à¸˜', 'à¸„', 'à¸™', 'http', 'co', 'dra2shnpmx', 'bugabootv', 'covid19', 'à¹‚à¸„à¸§', 'à¸”19http', 'co', 'l6wl0wpa4']"
187,"['ye', 'nhi', 'sudhreg', 'variant', 'covid19http', 'co', 'xlf0ihfnoi']"
188,"['pay', 'avec', 'la', 'plu', 'haut', 'incid', 'de', 'dÃ©cÃ¨', 'durant', 'la', 'derniÃ¨r', 'semainela', 'hongri', '18', 'mort', 'par', 'jour', 'et', 'pour', 'un', 'million', 'habit', 'trinitÃ©', 'et', 'tobago', '15', '4et', 'la', 'croati', '13', '8', '']"
189,"['dÃ©nombr', '673', '70ca', 'confirmÃ©', 'en', 'plu', 'dan', 'le', 'mondel', '58', '5de', 'ce', 'nouveaux', 'ca', 'se', 'trouvent', 'en', 'europe18', '2en', 'amÃ©riqu', 'du', 'nord', 'et', '12', '1en', 'asi', '']"
190,"['le', 'pay', 'avec', 'la', 'plu', 'haut', 'incid', 'de', 'nouveaux', 'ca', 'durant', 'la', 'derniÃ¨r', 'semainela', 'slovaqui', '1349', 'nouveaux', 'ca', 'par', 'jour', 'et', 'pour', 'un', 'million', 'habit', 'le', 'danemark', '1193et', 'la', 'rÃ©publiqu', 'tchÃ¨que', '1168', 'http', 'co', 'bi6qkuli6r']"
191,"['kenya', 'confirm', 'first', 'case', 'omicron', 'varianton', 'south', 'african', 'two', 'kenyan', 'quarantinehealth', 'cs', 'kagw', 'urg', 'kenyan', 'panic', 'omicronvari', 'omicron', 'covid19', 'stay', 'safewear', 'mask', 'folk', '']"
192,"['jeÅ¼e', 'podejrzewasz', 'u', 'siebi', 'lub', 'dziecka', 'zakaÅ¼eni', 'covid19', 'uzyskaj', 'zleceni', 'na', 'test', 'http', 'co', 'unnvjrfyn', 'abi', 'zapisasina', 'test', 'drogonlinenaleÅ¼i', 'posiadaprofil', 'zaufanyzleceni', 'zostani', 'wystawion', 'automatyczni', 'w', 'ciÄ…gu', 'godzinypotwierdzeni', 'otrzymasz', 'poprzez', 'sm', 'http', 'co', 'cbvt3yih67']"
193,"['', 'http', 'co', 'f8fif1tn0dantivir', 'hvac', 'filtrat', 'effect', 'way', 'keep', 'primari', 'school', 'open', 'safe', 'januari', 'amphelp', 'reduc', 'spread', 'airborn', 'omicron', 'let', 'keep', 'school', 'open', 'pandem', 'covid19', 'tech', 'use', 'nnn', 'stockmarket']"
194,"['le', 'point', 'covid19', 'dan', 'le', 'mond', 'ce', '1dÃ©cembr', 'le', 'Ã©tat', 'uni', 'dÃ©nombrent', '1', '629', 'mort', 'durant', 'le', 'derniÃ¨r', '2heuresla', 'russi', '1', '114la', 'pologn', '53et', 'le', 'brÃ©sil', '513', 'thread', 'coronavirushttp', 'co', '2grcilixgh']"
195,"['', 'jbrancovici', 'bfmtv', 'trÃ¨', 'cher', '']"
196,"['dongguanchinacovid19', 'test', '']"
197,"['feel', 'sorri', 'tomorrow', 'children', 'never', 'know', 'freedom', 'took', 'grant', 'covid19ab', 'covidpassport', 'covid19', 'covidvari', 'covidboost']"
198,"['tqt', 'il', 'ont', 'ajout', 'le', 'dlc', 'omicron', 'omicron', 'covid19http', 'co', 'znrckvnzsd']"
199,"['', 'pito1932764', 'chaput_s', 'nanou5997142', 'bfmtv', '3mai', 'nou', 'somm', 'tou', 'dan', 'le', 'mÃªme', 'bateauil', 'faut', 'en', 'finir', 'au', 'plu', 'vite', 'avec', 'ce', 'foutu', 'covid19', 'qui', 'nou', 'Ã©touff', 'et', 'avant', 'qu', 'il', 'ne', 'soit', 'trop', 'tard', 'http', 'co', 'ltob9spmj']"
200,"['deutschlandda', 'land', 'dem', 'politik', 'zeitgleich', 'einen', 'impfstoffmangel', 'und', 'ein', 'impfpflicht', 'herbeifÃ¼hren', 'corona', 'covid19', 'sarscov', 'http', 'co', 'jdr6tsog0a']"
201,"['school', 'attend', '14th', 'december88', '9attend', '987', '900', 'absent', '12', '000', 'teacher', 'absent', 'due', 'covid', '10', '500', 'ed', 'staff', 'absent', 'due', 'covid', '236', '000', 'pupil', 'absent', 'due', 'covid', 'coronaviru', 'covid19', 'sarscov', 'edutwitt', 'http', 'co', 'mzhcya70jihttp', 'co', 'ssivl80blg']"
202,"['', 'unitedst', 'covid19', 'biden', 'italia', 'monito', 'usa', 'ai', 'viaggiatori', 'evit', 'di', 'andar', 'italia', 'http', 'co', 'bkyrjl7zet']"
203,"['', '4', '22corona', 'neuinfektionen', 'und', '5todesfÃ¤llehttp', 'co', 'hnofx1n1i', 'corona', 'covid19', 'covid']"
204,"['benchw', 'worri', 'advertisementand', 'wide', 'publicitywher', 'make', 'applicationshow', 'etc', 'supremecourt', 'covid19']"
205,"['', '1', '06corona', 'infizierte12neuinfektionen', 'im', 'bezirk', 'linz', 'landhttp', 'co', 'gft9qllglj', 'covid', 'covid19', 'corona']"
206,"['', 'cpho_canada', 'sure', 'share', 'across', 'canadasomepubl', 'health', 'offic', 'still', 'seem', 'dark', 'covid19']"
207,"['', '34', 'aktivefÃ¤l', 'und', '7', 'tage', 'inzidenz', 'von', '329', 'http', 'co', 'jfiezhmesh', 'covid19', 'corona', 'covid']"
208,"['', 'syedsaddiq', 'bangsekiranya', 'orang', 'tu', 'ada', 'covid19dia', 'tak', 'pakai', 'facemaskpastu', 'jangkiti', 'sekeluarga', 'dan', 'yang', 'sekeluarga', 'tu', 'meninggalitu', 'kira', 'dugaan', 'dari', 'yang', 'maha', 'kuasabukan', 'ke', 'itu', 'membunuh', 'dengan', 'niat', 'sebab', 'sengaja', 'tak', 'nak', 'pakai', 'facemask', 'patuhi', 'sopsekadar', 'nak', 'tanya', 'clear', 'sikit', '']"
209,"['correct', 'interpret', 'heart', 'diseas', 'risk', 'increas', 'fulli', 'vax', 'infect', 'covid19http', 'co', 'gzylbbfien']"
210,"['la', 'concejala', 'de', 'participaciÃ³n', 'ciudadana', 'ruthparticipaha', 'presentado', 'el', 'estudio', 'impacto', 'psicosoci', 'del', 'aislamiento', 'forzoso', 'por', 'covid19', 'en', 'centro', 'de', 'acogida', 'de', 'persona', 'refugiada', 'junto', 'su', 'autora', 'mouna', 'hrar', 'virginia', 'hidalgocon', 'motivo', 'del', 'dÃ­ainternacionaldelmigrantehttp', 'co', 'r05f4jkdra']"
211,"['germanyth', 'countri', 'politician', 'simultan', 'creat', 'vaccin', 'shortag', 'vaccin', 'oblig', 'corona', 'covid19', 'sarscov', 'http', 'co', 'bs5pcsw3td']"
212,"['encourag', 'icelandfood', 'colleagu', 'get', 'boost', 'soon', 'abl', 'pleas', 'speak', 'line', 'manag', 'get', 'touch', 'directli', 'anyth', 'get', 'way', 'boosterjab', 'covid19']"
213,"['', 'drtedro', 'omicronilmaantuminen', 'saanut', 'jotkut', 'maat', 'ottamaan', 'kÃ¤yttÃ¶Ã¶n', 'covid19', 'tehostusohjelmia', 'koko', 'aikuisvÃ¤estÃ¶l', 'huolissaan', 'siitÃ¤etttÃ¤llaiset', 'ohjelmat', 'toistavat', 'covid19', 'rokotteiden', 'jakelun', 'keskittymistÃ¤eriarvoisuutta', 'pahentaenkuten', 'tÃ¤nvuonna', '4', '']"
214,"['peopl', 'mental', 'ill', 'higher', 'risk', 'covid19', 'http', 'co', 'md5vmodapa', 'ny', 'bronx', 'brooklyn', 'statenisland', 'queen', 'manhattan', 'mentalhealth']"
215,"['peopl', 'joker', 'africa', 'lowest', 'case', 'covid19', 'comper', 'europ', 'rest', 'world', 'u', 'tell', 'us', 'u', 'releas', 'africa', 'player', 'meanwhil', 'u', 'releas', 'ur', 'player', 'play', 'copa', 'america', 'heavi', 'pandem', 'wtf', 'caf', 'say']"
216,"['dÃ©cÃ¨', 'supplÃ©mentair', 'et', 'toujour', 'plu', 'de', 'contaminationsl', 'covid19', 'circul', 'trÃ¨', 'activ', 'la', 'rÃ©unionl', 'nombr', 'de', 'ca', 'augment', 'depui', 'cett', 'semainetroi', 'enfant', 'ont', 'Ã©thospitalisÃ©', 'pour', 'de', 'form', 'grave', '']"
217,"['bencheveryth', 'news', 'itemnazkith', 'number', 'applic', 'gone', 'co', 'lordship', 'orderbench', 'asg', 'bhatiy', 'give', 'us', 'statement', 'detail', 'avail', 'youasgw', 'give', 'chart', 'supremecourt', 'covid19']"
218,"['', 'boosterprik', 'toch', 'nog', 'steed', 'het', 'vaccin', 'voor', 'de', '1e', 'versi', 'covid19', 'uit', '2019', 'hoe', 'kan', 'het', 'dan', 'zijn', 'dat', 'de', '1e', 'prikken', 'niet', 'voldoend', 'bescherm', 'gaven', 'aan', 'de', 'deltavari', 'en', 'blijkbaar', 'niet', 'werkend', 'bij', 'omicron', 'er', 'wel', 'mee', 'gaan', 'boosteren', 'logica', 'schietmijmaarlek', '']"
219,"['', 'politicsforali', 'politicoeurop', 'covid19', 'crisisfatiguehttp', 'co', 'amyuzfopt6']"
220,"['', 'wladiadesalvi', 'senadorhumberto', 'lulaofici', 'lista', 'de', '300', 'atleta', 'que', 'sofreram', 'parada', 'cardÃ­aca', 'e', '16que', 'morreram', 'desd', 'que', 'vacina', 'contra', 'covid19', 'comeÃ§aram', 'ser', 'aplicadashttp', 'co', 'w1ctlbpdwc']"
221,"['en', 'uk', 'la', 'cosa', 'son', 'muy', 'diferent', 'que', 'en', 'espaÃ±ahay', 'una', 'realidad', 'para', 'todo', 'lo', 'sector', 'en', 'especi', 'para', 'el', 'ocio', 'nocturno', 'que', 'hacer', 'para', 'que', 'millon', 'de', 'trabajadoresempresario', 'autÃ³nomo', 'vean', 'afectada', 'su', 'economÃ­a', 'en', 'una', 'situaciÃ³n', 'que', 'parec', 'tener', 'fin', 'covid19']"
222,"['kept', 'busi', 'usual', 'previou', 'covid19', 'wave', 'abroadand', 'make', 'matter', 'wors', 'alreadi', 'anxiou', 'open', 'school', 'economi', 'dear', 'minofhealthugar', 'take', 'notesoba', 'covidex', 'solv', 'everyth', '']"
223,"['new', 'day', 'come', 'alleg', 'make', 'conserv', 'parti', 'seem', 'wors', 'worsethey', 'play', 'us', 'like', 'fool', 'pleb', 'think', 'toriespartiedwhilepeopledi', 'torycoviddisast', 'christmasparti', 'covid19']"
224,"['ãƒ‰ã‚¤ãƒ„ã®12', '14ã¾ã§ã®ç©ç®—æ­»äº¡è€…æ•°ã®gompertzæ›²ç·šäºˆæ¸¬ãƒ¢ãƒ‡ãƒ«', 'é’ç‚¹ãŒå ±å‘Šæ•°', 'èµ¤ç·šãŒãƒ¢ãƒ‡ãƒ«äºˆæ¸¬', 'ç©ç®—æ­»äº¡è€…ã®æ¨ç§»ã‚’', 'æ–°ãŸã«6ã¤ã®å¤‰ç•°æ ªã«ã‚ˆã‚‹ç‹¬ç«‹äº‹è±¡ã®å’Œã¨ã—ã¦è¡¨ç¾ã—ãŸ', 'æœ€çµ‚äºˆæ¸¬æ­»äº¡è€…æ•°ã¯', '13', '0ä¸‡äºº', 'ãƒ‰ã‚¤', 'æ•°ç†ãƒ¢ãƒ‡', 'gompertzæ›²', 'covid19', 'mathematica']"
225,"['', 'boosterjab', 'covid19', 'walk', 'clinic', 'regist', 'patient', 'kerrsland', 'surgeri', 'next', 'week']"
226,"['termÃ²metr', 'digit', 'en', 'temp', 'de', 'covid19http', 'co', '3vt1woyuaz']"
227,"['', 'der', 'wunsch', 'nach', 'einer', 'externen', 'unterstÃ¼tzung', 'allen', 'phasen', 'der', 'betrieblichen', 'ausbildung', 'wird', 'immer', 'hÃ¤ufig', 'und', 'lauter', 'geÃ¤uÃŸert', 'lesen', 'sie', 'die', 'auswertung', 'der', 'zweiten', 'corona', 'umfragevon', 'jobstart', 'plu', 'gebifo', 'bibb_d', 'covid19', 'kmuhttp', 'co', 's4oxhrolwjhttp', 'co', 'qoamvvdvo5']"
228,"['dade', 'covid19', 'el', 'risc', 'de', 'rebrot', 'puja', 'fin', 'al', '700', 'puntsel', 'nou', 'contagi', 'es', 'frenen', 'lleugera', 'http', 'co', 'cngcxsvun1']"
229,"['220', 'dose', 'du', 'vaccin', 'moderna', 'seront', 'proposÃ©', 'gueret', 'creus', 'covid19http', 'co', '5xziqtx2ri']"
230,"['', 'marketupdatepaytm', 'share', 'price', 'take', 'cue', 'neg', 'sentiment', 'benchmark', 'indicesi', 'expect', 'touch', 'level', 'rs1100', 'next', 'trade', 'session', 'news', 'investonlin', 'sensex', 'nifti', 'unioncabinet', 'tv', 'paytm', 'covid19', 'india']"
231,"['', 'avui', 'arrenca', 'la', 'vacunaciinfantil', 'contra', 'la', 'covid19demana', 'cita', 'ahttp', 'co', 'xfu0q9abvhÃ©', 'segura', 'eficaaquesta', 'vacunaquant', 'dosi', 'administrensi', 'el', 'meu', 'fill', 'ha', 'passat', 'la', 'malaltia', 'tambs', 'l', 'ha', 'de', 'posar', 'tota', 'la', 'informaciahttp', 'co', 'xwccbiwwtjhttp', 'co', 'tmwu3lq2z']"
232,"['', 'aÅŸÄ±olalÄ±m', 'eksikdozlarÄ±tamamlayalÄ±m', 'tedbirleredevamedelim', 'covid19http', 'co', '484gpg8ogfhttp', 'co', 'yc6wjidosc']"
233,"['updat', 'decemb', '142021day', '687summari', 'canadian', 'covid19', 'pandem', 'base', 'govcanhealth', 'dataa', '5th', 'waveha', 'emerg', 'canada', 'administ', 'vaccin', 'dose', 'correspond', '167', '36of', 'popul', 'covidãƒ¼19', 'covidcanada', 'covid2019', 'cdnpolihttp', 'co', 'dkslwabyzr']"
234,"['pandem', 'made', 'realis', 'worth', 'famili', 'extentund', 'lockdown', 'spent', 'much', 'time', 'father', 'made', 'realis', 'similar', 'term', 'interest', 'likingsthat', 'silver', 'line', 'dark', 'cloud', 'perhapspk', 'pandem', 'covid19']"
235,"['', 'scottydoesnoth', 'covid19', 'omicronvari', 'vaccin', 'medicar', 'auspol']"
236,"['', 'marketupdatetv', 'motor', 'compani', 'bmw', 'motorrad', 'today', 'announc', 'extend', 'expand', 'long', 'term', 'partnership', 'joint', 'develop', 'new', 'platform', 'futur', 'technolog', 'news', 'investonlin', 'sensex', 'nifti', 'unioncabinet', 'tv', 'covid19', 'india']"
237,"['kareena', 'kapoor', 'hous', 'help', 'test', 'posit', 'covid', '19', 'snehamordani', 'coronaviru', 'covid19', 'itvideohttp', 'co', 'lb1vagyrev']"
238,"['sure', 'dom_perrottet', 'letitripdom', 'strategi', 'would', 'pass', 'blase', 'oh', 'amp', 'strategi', 'given', 'clue', 'impact', '25k', 'daili', 'infect', 'might', 'look', 'like', 'latesur', 'indoor', 'mask', 'must', 'remain', 'least', 'covid19']"
239,"['', 'covid19', 'consellerÃ­a', 'de', 'sanidad', 'comunic', 'os', 'dato', 'actualizado', 'da', 'situaciÃ³n', 'sanitaria', 'en', 'sanxenxo', '1de', 'decembro', 'de', '202caso', 'activo', '4a', 'consellerÃ­a', 'de', 'sanidad', 'sactualizaro', 'dato', 'se', 'hai', 'cambio', 'significativo', 'http', 'co', 'pq6a75jvjohttp', 'co', 'kxafunrjrh']"
240,"['', 'drug', 'develop', 'expens', 'time', 'consum', 'ventureand', 'journey', 'involv', 'mani', 'step', 'mani', 'peopleread', 'latest', 'issu', 'http', 'co', 'p4vq3prjbj', 'agfahealthcar', 'holog', 'affideagroup', 'comarchgroup', 'labsanddrug', 'drug', 'covid19', 'labshttp', 'co', '9qoae4myq0']"
241,"['dit', 'waar', 'een', 'ontslagbrief', 'van', 'rutt', 'ziekenhui', 'verpleegkundigen', 'covid19', 'ichttp', 'co', 'jbixjii46p']"
242,"['ÏƒÏ‡Î­ÏƒÎµÎ¹Ï‚Î¼Î­ÏƒÎ·Î»Î¹ÎºÎ¯', 'amp', 'covid19http', 'co', '6gbbnyiwi']"
243,"['', 'enjoyfromhom', 'read', 'book', 'bought', 'read', 'yet', 'covid19', 'stayathom']"
244,"['', 'robw3789105', 'gbnew', 'leastnot', 'paperh', 'last', 'year', 'thoughwhich', 'year', 'knighthood', 'award', 'himth', 'ceremoni', 'delay', 'year', 'due', 'covid19', '']"
245,"['cotidienn', 'le', '1dÃ©cembrel', 'cour', 'de', 'cÃ©rÃ©ale', 'paill', 'ont', 'Ã©ttiraillÃ©', 'entr', 'la', 'demand', 'international', 'et', 'l', 'incertitud', 'sanitair', 'liÃ©e', 'la', 'covid19', 'http', 'co', 'pkk8mizjk', 'reussirdepech', 'reussirhttp', 'co', 'wdknp5rcgx']"
246,"['exactli', 'wearamask', 'wearadamnmask', 'omicron', 'covid19', 'nswhealth', 'auspol']"
247,"['', 'break', '7', 'year', 'old', 'child', 'test', 'posit', 'new', 'covid19', 'variant', 'omicron', 'west', 'bengal', 'murshidabad', 'districtth', 'child', 'arriv', 'hyderabad', 'via', 'abudhabihoweverth', 'child', 'parent', 'test', 'neg', 'infect', 'sourceani', 'india', 'omicronvarianthttp', 'co', 'dulxx9th5i']"
248,"['jethro', 'tull', 'covid19', 'covid19uk', 'sosorryhttp', 'co', 'oskz1i76w']"
249,"['', 'perthnew', 'wapol', 'covid19', 'qanta', 'launch', 'non', 'stop', 'flight', 'rome', 'http', 'co', 'wmwvyn9r5dhttp', 'co', 'f3w03fcd0k']"
250,"['', 'covid19http', 'co', 'tnlnykcucq']"
251,"['videolet', 'listen', 'dr', 'kk', 'aggarw', 'view', 'manag', 'cholesterol', 'drkkliveson', 'cholesterol', 'ldl', 'hdl', 'covid19', 'healthcheckup', 'health', 'lifestyleandhealth', 'healthandwellb', 'healthiswealth', 'lifestylemodificationhttp', 'co', 'fvthqhwcdc']"
252,"['byÅ‚o', '500rip', 'dobateraz', 'pisbolszewia', 'uruchomiÅ‚a', 'program', '1000rip', 'dobajuludobÃ³jstwoczi', 'jeszczemasowi', 'mord', 'aferypi', 'pandemia', 'covid19']"
253,"['88new', 'case', '1new', 'death', 'latvia', '11', '2gmt', 'coronaviru', 'coronavirusupd', 'covid19', 'coronaviruspandem']"
254,"['get', 'vaccin', 'reduc', 'risk', 'get', 'spread', 'viru', 'caus', 'covid', '19togeth', 'end', 'global', 'pandem', 'omicronvari', 'covid19', 'communityawar', 'viebegrwanda2', '2']"
255,"['confirm', 'covid', 'think', 'omicronit', 'feel', 'like', 'mix', 'tonsil', 'coldno', 'cough', 'main', 'symptomssor', 'throat', 'ampneck', 'glandsmild', 'congestionnausea', 'later', 'flownegativepcr', 'posit', 'take', 'pcr', 'omicron', 'covid19']"
256,"['lo', 'pediatra', 'e', 'inmunÃ³logo', 'consideran', 'important', 'necesariovacunar', 'lo', 'niÃ±o', 'frent', 'la', 'covid19mÃ©dico', 'pacienteshttp', 'co', 'os24tjzn9a', 'travÃ©', 'de', 'omc_espana']"
257,"['', 'lidovki', 'sprÃ¡vnÄ›dÄ›ti', 'oÄkovat', 'apo', 'provedentestna', 'protilÃ¡tkydÄ›ti', 'mohli', 'totiprodÄ›lat', 'covid19', 'tzv', 'bezpÅ™Ã­znakovÃ½', 'nenÃ­', 'lipravdaa', 'tedi', 'Å¾Ã¡dnoÄkovÃ¡nnemusvÅ¯bec', 'potÅ™ebovat', '']"
258,"['', 'covid19', 'omicron', 'self', 'protect', 'advic', 'epidemiologist', 'biostatistician', 'drzoehyd', 'australian', 'media', 'refus', 'interview', 'prefer', 'push', 'polit', 'denial', 'stanc', 'trivialis', 'publichealth', 'risk', 'abcnew', 'abc730', 'nitv', '7newsaustralia', '9newsau']"
259,"['', 'dom_perrottet', 'mum', 'got', 'astrazeneca', 'die', 'get', 'booster', 'su', 'letitripdom', 'crimin', 'negligenceweird', 'let', 'women', 'get', 'abort', 'let', 'peopl', 'die', 'digniti', 'happi', 'us', 'die', 'covid19i', 'mum', 'vaccin', 'covid19nsw']"
260,"['shame', 'westjet', 'found', 'way', 'kick', 'employe', 'avoid', 'pay', 'retir', 'benefit', 'fascistwestjet', 'shame', 'covid19']"
261,"['germani', 'wonder', 'chang', 'new', 'govern', 'olafscholz', 'karl_lauterbach', 'abaerbock', 'svenjaschulze6', 'trip', 'waiver', 'covid19']"
262,"['', 'comradevero', 'fulli', 'vax', 'diesit', 'vaccin', 'covid', 'comorbid', 'iesif', 'unvax', 'die', 'look', 'comorbiditiesit', 'covid19', '']"
263,"['isa', 'seriou', 'issueget', 'vaccinatedget', 'booster', 'covid19', 'booster']"
264,"['corona', 'viru', 'im', 'hsk60', 'neuinfizierte6genesene3stationÃ¤r5schulen', 'und', 'zehn', 'kindertagesstÃ¤tten', 'betroffen', 'covid19', 'hochsauerlandkrei', 'http', 'co', 'jxaq4coqw9http', 'co', 'jujmc8qvnw']"
265,"['', 'waharrier_k', 'confirm', 'nowth', 'symptom', 'mentionedy', 'covid19go', 'get', 'testedprotect', 'ppl']"
266,"['', 'nohomenoplac', 'campbellm', 'becom', 'nasti', 'habit', 'shall', 'blame', 'stress', 'never', 'end', 'covid19', 'storm', 'teacup', 'mani', 'peopl', 'go', 'sorri', 'pub', 'cafesbut', 'small', 'aviat', 'model', 'got', 'hit', 'wors', 'compani', 'side', 'freelanceha', 'turn', '100', 'sinc', 'covid19']"
267,"['tri', 'tra', 'tralala', 'den', 'querdenk', 'geht', 'es', 'den', 'braunen', 'hinterngut', 'sogleich', 'vor', 'dem', 'schnell', 'richter', 'covid19']"
268,"['', 'sapswc', 'mfuleni', 'sap', 'temporarili', 'close', 'covid19', 'decontaminationth', 'commun', 'servic', 'centr', 'oper', 'mobil', 'unit', 'back', 'stationfor', 'emerg', 'call', '10111mlhttp', 'co', '7qe00fwanzhttp', 'co', 'qbd6mpastw']"
269,"['fari', 'hospit', '1daysand', 'anoth', 'day', 'week', 'till', 'go', 'home', 'covid19', 'chronicil', 'writer', 'hospit', 'getvaccin', 'maskup', 'contentcr']"
270,"['adv', 'mahfooz', 'nazki', 'andhra', 'pradesh11900', 'number', 'updatedw', 'receiv', 'around', '33000', 'supremecourt', 'covid19']"
271,"['noth', 'say', 'takebackcontrol', 'like', 'fli', 'oust', 'eu', 'health', 'worker', 'prop', 'uk', 'fail', 'care', 'system', 'nh', 'covid19', 'omicron']"
272,"['', 'ha', 'favorecido', 'la', 'dieta', 'mediterrÃ¡nea', 'en', 'la', 'pandemia', 'frent', 'al', 'covid19', 'http', 'co', '5yuir3z74shttp', 'co', 'sdt95gn4f2']"
273,"['', 'euco', 'busi', 'agenda', 'lie', 'ahead', 'eu', 'leader', 'european', 'council', 'meet', 'thursday', 'covid19', 'crisi', 'manag', 'ampresili', 'energypric', 'secur', 'ampdef', 'extern', 'aspect', 'migrat', 'belaru', 'ukrain', 'eu', 'african', 'union', 'summit', 'euro', 'summitmor', 'info', '']"
274,"['unvaccin', 'peopl', 'held', 'sole', 'respons', 'sudden', 'rise', 'covid19', 'case', 'europ', 'amritanarlikar', 'amp', 'csottilotta', 'explain', 'http', 'co', '9qr106tlqz']"
275,"['', 'jeguitar', 'bfmtvhttp', 'co', 'bgqxtxzupr']"
276,"['ein', 'erheblichezahl', 'deutscher', 'grundschÃ¼ler', 'erreicht', 'die', 'fachlichen', 'mindeststandard', 'deutsch', 'und', 'mathematik', 'nicht', 'wissenschaftl', 'sind', 'sich', 'einigdass', 'vor', 'allem', 'die', 'willkÃ¼rlichen', 'schulschlieÃŸungen', 'wÃ¤hrend', 'der', 'corona', 'pandemi', 'dazu', 'gefÃ¼hrt', 'haben', 'pandemi', 'corona', 'covid19http', 'co', 'dgeoeuaktj']"
277,"['unit', 'state', 'cross', '0', 'million', 'covid', '19', 'deathshttp', 'co', 'kt344ikaqw', 'unitedst', 'america', 'covid19', 'joebiden', 'news']"
278,"['sprÃ¡vnÄ›dÄ›ti', 'oÄkovat', 'apo', 'provedentestna', 'protilÃ¡tkydÄ›ti', 'mohli', 'totiprodÄ›lat', 'covid19', 'tzv', 'bezpÅ™Ã­znakovÃ½', 'tedi', 'Å¾Ã¡dnoÄkovÃ¡nnemusvÅ¯bec', 'potÅ™ebovat', '']"
279,"['le', 'hÃ©ro', 'de', 'l', 'annÃ©', 'le', 'inventeur', 'de', 'vaccin', 'contr', 'la', 'covid19', 'et', 'le', 'miracl', 'scientifiqu', 'de', 'l', 'arn', 'messag']"
280,"['job', 'creation', 'thedemocratsw', 'know', 'job', 'lost', 'due', 'covid', 'get', 'fill', 'come', 'lockdown', 'amp', 'covid19when', 'stop', 'take', 'credit', 'everyth', 'good', 'around', 'us', '']"
281,"['', 'edhalfordindeedand', 'someth', 'need', 'kept', 'mind', 'sajidjavid', 'amp', 'nadhimzahawia', 'well', 'provid', 'like', 'nimbuscar', 'amp', 'priorymedicalgpschool', 'base', 'covid19', 'vaccin', 'cannot', 'quietli', 'drop', 'expens', 'booster', 'campaign', 'happen', 'york', 'rachaelmaskel']"
282,"['', 'olivierveran', 'devra', 'Ãªtre', 'jugdan', 'un', 'nurembergdu', 'covid19', '']"
283,"['address', '26th', 'state', 'level', 'ambul', 'competit', 'ambala', 'cantt', 'today', 'ngosself', 'help', 'groupssoci', 'workersreligi', 'stakehold', 'excel', 'job', 'social', 'servic', 'covid19', 'pandemichelp', 'needi', 'best', 'religion1', 'http', 'co', '0pc9bzyql']"
284,"['bore', 'isol', 'oh', 'quit', 'well', 'enough', 'anyth', 'much', 'covid19']"
285,"['', 'corona', 'news', 'ungeimpft', 'Ã¶sterreich', 'kÃ¶nnten', 'fÃ¼r', 'ein', 'jahr', 'inhaftiert', 'werden', 'http', 'co', 'njhygsk1ovia', 'pressecop24com', 'covid19', 'covid', 'impfidioten', 'coronadiktatur', 'diktaturhttp', 'co', 'fexvy8lk5f']"
286,"['', 'sajidjavid', 'timeforchang', 'time', 'understand', 'postvir', 'condit', 'r', 'seriousth', 'risk', 'death', 'covid19', 'obvious', 'import', 'onlymessag', 'bygovt', '000', 'debilit', 'longcovidtim', 'treatlongcovid', 'countlongcovid', 'stopget']"
287,"['today', 'donat', 'close', 'million', 'dose', 'astra', 'zeneca', 'covid19', 'vaccin', 'philippinesw', 'proud', 'stand', 'friend', 'commitmentsvaccin', 'remain', 'best', 'line', 'defenc', 'vaccinessavel', 'vaccineswork', 'ukinphilippin', 'unicefphil']"
288,"['van', 'llegar', 'nueva', 'vacuna', 'contra', 'la', 'covid19en', 'biotecnologÃ­a', 'capitalhablamo', 'de', 'la', 'que', 'desarrolla', 'gsk_e', 'junto', 'con', 'medicagoinc', 'te', 'pierda', 'lo', 'detal', 'que', 'no', 'cuenta', 'eduardo', 'de', 'gomensorodirector', 'mÃ©dico', 'de', 'vacuna', 'de', 'gskcon', 'msanmartingc', 'http', 'co', 'nr5gy2gyg']"
289,"['vietnam', 'econom', 'polici', 'adapt', 'covid19http', 'co', 'srdmbkeghw']"
290,"['un', 'pacient', 'covid19', 'con', 'omicron', 'pued', 'ser', 'medicado', 'como', 'si', 'tuviera', 'deltaojo', 'con', 'esola', 'om', 'debe', 'advertir']"
291,"['', 'Ğ¼Ğ¸Ñ€Ğ¼Ğ¾Ğ¶ĞµĞ¿Ğ¾ÑĞ²Ğ¸Ñ‚ÑŒÑĞ²Ğ°ĞºÑ†Ğ¸Ğ½Ğ°Ğ·Ğ°Ñ‰Ğ¸Ñ‰Ğ°ÑÑ‰Ğ°Ğ¾', 'covid19', 'Ğ½100', 'ÑƒÑ‡ĞµĞ½Ñ‹Ğ¸Ğ°Ğ²ÑÑ‚Ñ€Ğ°Ğ»Ğ¸Ñ€Ğ°Ğ·Ñ€Ğ°Ğ±Ğ°Ñ‚Ñ‹Ğ²Ğ°ÑĞ¿Ñ€ĞµĞ¿Ğ°Ñ€Ğ°Ğ½Ğ¾ÑĞ½Ğ¾Ğ²Ğ¿Ñ€Ğ¸Ğ²Ğ¸Ğ²ĞºĞ¾Ñ‚ÑƒĞ±ĞµÑ€ĞºÑƒĞ»ĞµĞ·Ğ°', 'http', 'co', 'roogjlatyc']"
292,"['caÅ‚i', 'cza', 'negowaistnieni', 'covid19i', 'koÅ„ca', 'odmawialeczeniazmarz', 'tswojsilnwiarw', 'ogÃ³lnoÅ›wiatowi', 'spisek', 'lekarzi', 'firm', 'farmaceutycznychfoliarz', 'powinni', 'zrobigo', 'swoim', 'Å›wiÄ™tym', 'patronemtaka', 'wiara', 'wymaga', 'uhonorowania', 'http', 'co', 'gl9emul4tb']"
293,"['', 'estado', 'unido', 'supera', 'lo', '800', '000', 'muerto', 'por', 'covid', '19http', 'co', '2inzot4xtn', 'coronaviru', 'covid19', 'eeuu', 'estadosunidoshttp', 'co', 'c0dzucz7rv']"
294,"['gmn', 'kalo', 'sebenarnya', 'pemerintah', 'punya', 'agenda', 'tersembunyiknp', 'nataru', 'sengaja', 'dibiarkan', 'tanpa', 'ada', 'ppkmmungkin', 'sengaja', 'pemerintah', 'membiarkan', 'yg', 'merayakan', 'nataru', 'sale', 'berbaurbiar', 'terpapar', 'covid19sehingga', 'mereka', 'terpapar', 'ampmati', 'semuaini', 'pasti', 'genosida', 'buat', 'umat', 'non', 'muslim', '']"
295,"['', 'coronaviru', 'covid19', 'covid_19', 'sarscov', 'covid19worlddaili', 'new', 'confirm', 'covid', '19', 'case', 'per', 'million', 'peopl', '7', 'day', 'roll', 'averagedu', 'limit', 'testingth', 'number', 'confirm', 'case', 'lower', 'true', 'number', 'infect', 'http', 'co', 'y7enswwc84']"
296,"['', 'kevinol0982200', 'marmalademax', 'wear', 'one', 'confin', 'space', 'spread', 'covid19', '']"
297,"['greeceitalyspain', 'amphungari', 'start', 'vaccin', '5', '1year', 'old', 'covid19', 'http', 'co', 'iaqpyvlxfg']"
298,"['', 'vacuna', 'covid19']"
299,"['Ğ²ÑƒÑ‡Ğ¸Ñ›Ğ½Ğ¾Ğ²Ğ»ĞµĞ¿Ñ€Ğ¾Ñ‚Ğ¸ĞºĞ¾Ñ€Ğ¾Ğ½ÑÑ‚Ğ¸Ğ³Ğ°ÑÑ€Ğ±Ğ¸Ñ˜', 'Ğ²Ğ¸Ğ´ĞµĞ¾', 'http', 'co', 'gk4qf7wlj', 'vojvodina', 'covid19', 'covidãƒ¼19']"
300,"['', 'westjet', 'trampl', 'human', 'right', 'fascistwestjet', 'humanright', 'covid19']"
301,"['accord', 'karenni', 'region', 'advisori', 'council', 'humanitarian', 'committeeabout', '200', 'peopl', 'die', 'covid19', 'diseas', 'idp', 'camp', 'pekhon', 'moby', 'karenni', 'loikaw', 'demoso', 'dec15coup', 'helpmyanmaridp', 'whatshappeninginmyanmarhttp', 'co', 'gcr0b4kcht']"
302,"['', 'rÃ©duir', 'le', 'dÃ©pens', 'militair', 'pour', 'augment', 'le', 'financ', 'de', 'lutt', 'contr', 'la', 'pauvretÃ©l', 'pandÃ©mi', 'et', 'le', 'changement', 'climatiqueen', 'voilun', 'bonn', 'idÃ©', 'surtout', 'quand', 'sait', 'que', 'l', 'extrÃªm', 'pauvreta', 'augmentd', '22depui', 'le', 'covid19', 'http', 'co', 'wdt1ohj7a3']"
303,"['ace', 'inhibitor', 'roll', 'peopl', 'covidresult', 'covid19', 'covidvaccin', 'covidvari', 'treatment']"
304,"['fear', 'actor', 'markstrong', 'go', 'typecast', 'voic', 'doomseem', 'everi', 'covid19', 'infomerci', 'voic', 'itmayb', 'look', 'get', 'alancarr', 'instead', '']"
305,"['benchw', 'direct', 'state', 'maharashtra', 'make', 'payment', 'ex', 'gratia', '50000', 'applic', 'submit', 'applic', 'today', '10', 'day', 'includ', 'approv', 'ampactu', 'payment', 'supremecourt', 'covid19']"
306,"['', 'jeguitar', 'bfmtv', 'Ã©tude', 'pourri', 'voyon', 'facil', 'de', 'ne', 'rÃ©fÃ©rer', 'qu', 'cett', 'pseudo', 'Ã©tude', 'qui', 'Ã©tcritiquÃ©ejust', 'titrepar', 'plusieur', 'mÃ©decin']"
307,"['à¹„à¸—à¸¢à¸à¸šà¹€à¸‚', 'à¸²à¸‚', 'à¸²à¸¢à¹‚à¸­à¹„à¸¡à¸„à¸£à¸­à¸™à¸£à¸§à¸¡à¹€à¸›', '1à¸£à¸²à¸¢', 'à¸™à¸¢', 'à¸™à¹à¸¥', '9', 'à¸£à¸²à¹€à¸›', 'à¸™à¸œ', 'à¹€à¸”', 'à¸™à¸—à¸²à¸‡à¸ˆà¸²à¸à¸•', 'à¸²à¸‡à¸›à¸£à¸°à¹€à¸—à¸¨à¸—', 'à¸à¸£à¸²à¸›', 'à¸ˆà¸ˆ', 'à¸š', 'à¸™à¸ªà¸²à¸¢à¸', 'à¸™à¸˜', 'à¸—', 'à¸à¸šà¸ª', 'à¸§à¸™à¹ƒà¸«à¸', 'à¹ƒà¸™à¹„à¸—à¸¢à¸¢', 'à¸‡à¹€à¸›', 'à¸™à¹€à¸”à¸¥à¸•', 'thestandardnew', 'à¹‚à¸„à¸§', 'à¸”19', 'omicron', 'covid19', 'à¹‚à¸„à¸§', 'à¸”19à¸§', 'à¸™à¸™', 'à¸§', 'à¸„à¸‹', 'à¸™à¹‚à¸„à¸§', 'à¸”19http', 'co', 'lnyltgzetp']"
308,"['bench', 'order', 'maharashtra85000', 'applic', 'receivedapprox', '165claim', 'allow', 'payment', 'made', 'till', '9', 'decit', 'unfortun', '165have', 'paid', 'ex', 'gratia', 'supremecourt', 'covid19']"
309,"['asid', 'want', 'spend', 'time', 'familynogral', 'said', 'back', 'senatori', 'race', 'allow', 'presid', 'rodrigo', 'dutert', 'priorit', 'countri', 'covid19', 'respons', 'http', 'co', '2uvxlp4jh1']"
310,"['à¤¤', 'à¤²', 'à¤—', 'à¤¨à¤®', 'à¤•', 'à¤°', 'à¤¨à¤µ', 'à¤¯à¤°à¤•à¤¨à¤°', 'à¤“à¤®', 'à¤•', 'à¤°', 'à¤•à¤¦à¤®', 'à¤®à¤²', 'à¤•à¤ª', 'à¤·', 'à¤Ÿà¤¹', 'à¤¹', 'telangana', 'omicron', 'omicronvari', 'covid19']"
311,"['take', 'wise', 'decis', 'vaccin', 'enjoy', 'festiv', 'season', 'friend', 'ampfamilydon', 'forget', 'mask', 'upkeep', 'hand', 'cleankeep', 'distanc', 'socialis', 'well', 'ventil', 'space', 'vaccinatetosavesouthafrica', 'covid19http', 'co', 'xvidw3ulqw']"
312,"['ã“ã“æ•°æ—¥æ„ŸæŸ“è€…å‡ºã¦ãªã‹ã£ãŸã®ã«', 'ãªã‹ãªã‹ç¶šã‹ã‚“', 'gt', 'gtæ ƒæœ¨çœŒæ–°ãŸã«ï¼“äººæ„ŸæŸ“', 'æ–°å‹ã‚³ãƒ­ãƒŠ', '15æ—¥', 'ç¤¾ä¼š', 'çœŒå†…ä¸»è¦', 'ä¸‹é‡æ–°è', 'soon', 'ãƒ‹ãƒ¥ãƒ¼ã‚¹', 'æ–°å‹è‚ºç‚', 'covid19', 'ä¸‹é‡æ–°soon', 'ã‚¹ãƒ¼ãƒ³', 'http', 'co', 'mcysdq8h29']"
313,"['hospit', 'face', 'spike', 'admiss', 'due', 'covid19', 'patient', 'okypyci', 'increas', 'number', 'bed', 'larnaca', 'gener', 'meet', 'demandhttp', 'co', 'lx33ghcx6w']"
